campaign_name,ad_group_name,ad_name,ad_type,status,headline_1,headline_2,headline_3,headline_4,headline_5,headline_6,headline_7,headline_8,headline_9,headline_10,headline_11,headline_12,headline_13,headline_14,headline_15,description_1,description_2,description_3,description_4,final_url,path_1,path_2
free IT certification Austin,IT Cert Austin - Core,RSA-1,Responsive search ad,PAUSED,No-Cost IT Certs Austin,No-Cost IT Training,Get IT Certified No Cost,Austin IT Career Training,WorkforceAP Programs,Google IT Support Path,Apply in 10 Minutes,WIOA Funding May Apply,Eligibility Help Included,Employer Connections,Coursera-Backed Certs,Career Coach Included,Start Your Tech Career,No Cost if Eligible,Apply Today — Austin TX,"No-cost IT certificate pathways in Austin. Coaching, Coursera certs & job search support.",WorkforceAP helps Texans earn tech credentials at no cost when WIOA-eligible.,Apply online in about 10 minutes. Google IT Support & more. Employer hiring pipeline.,WIOA funding may apply. Start your application today.,https://workforceap.org/apply?utm_source=google_ads&utm_campaign=free_IT_certification_Austin&utm_term=free%20it%20certification%20austin,Apply,NoCost
free IT certification Austin,IT Cert Austin - Core,RSA-2,Responsive search ad,PAUSED,Austin IT Career Training,WorkforceAP Programs,Google IT Support Path,Apply in 10 Minutes,WIOA Funding May Apply,Eligibility Help Included,Employer Connections,Coursera-Backed Certs,Career Coach Included,Start Your Tech Career,No Cost if Eligible,Apply Today — Austin TX,No-Cost IT Certs Austin,No-Cost IT Training,Get IT Certified No Cost,"No-cost IT certificate pathways in Austin. Coaching, Coursera certs & job search support.",WorkforceAP helps Texans earn tech credentials at no cost when WIOA-eligible.,Apply online in about 10 minutes. Google IT Support & more. Employer hiring pipeline.,WIOA funding may apply. Start your application today.,https://workforceap.org/apply?utm_source=google_ads&utm_campaign=free_IT_certification_Austin&utm_term=free%20it%20certification%20austin,Apply,NoCost
free IT certification Austin,IT Cert Austin - Core,RSA-3,Responsive search ad,PAUSED,Apply in 10 Minutes,WIOA Funding May Apply,Eligibility Help Included,Employer Connections,Coursera-Backed Certs,Career Coach Included,Start Your Tech Career,No Cost if Eligible,Apply Today — Austin TX,No-Cost IT Certs Austin,No-Cost IT Training,Get IT Certified No Cost,Austin IT Career Training,WorkforceAP Programs,Google IT Support Path,"No-cost IT certificate pathways in Austin. Coaching, Coursera certs & job search support.",WorkforceAP helps Texans earn tech credentials at no cost when WIOA-eligible.,Apply online in about 10 minutes. Google IT Support & more. Employer hiring pipeline.,WIOA funding may apply. Start your application today.,https://workforceap.org/apply?utm_source=google_ads&utm_campaign=free_IT_certification_Austin&utm_term=free%20it%20certification%20austin,Apply,NoCost
free IT certification Austin,Google IT Support Austin,RSA-1,Responsive search ad,PAUSED,No-Cost IT Certs Austin,No-Cost IT Training,Get IT Certified No Cost,Austin IT Career Training,WorkforceAP Programs,Google IT Support Path,Apply in 10 Minutes,WIOA Funding May Apply,Eligibility Help Included,Employer Connections,Coursera-Backed Certs,Career Coach Included,Start Your Tech Career,No Cost if Eligible,Apply Today — Austin TX,"No-cost IT certificate pathways in Austin. Coaching, Coursera certs & job search support.",WorkforceAP helps Texans earn tech credentials at no cost when WIOA-eligible.,Apply online in about 10 minutes. Google IT Support & more. Employer hiring pipeline.,WIOA funding may apply. Start your application today.,https://workforceap.org/apply?utm_source=google_ads&utm_campaign=free_IT_certification_Austin&utm_term=google%20it%20support%20austin,Apply,NoCost
free IT certification Austin,Google IT Support Austin,RSA-2,Responsive search ad,PAUSED,Austin IT Career Training,WorkforceAP Programs,Google IT Support Path,Apply in 10 Minutes,WIOA Funding May Apply,Eligibility Help Included,Employer Connections,Coursera-Backed Certs,Career Coach Included,Start Your Tech Career,No Cost if Eligible,Apply Today — Austin TX,No-Cost IT Certs Austin,No-Cost IT Training,Get IT Certified No Cost,"No-cost IT certificate pathways in Austin. Coaching, Coursera certs & job search support.",WorkforceAP helps Texans earn tech credentials at no cost when WIOA-eligible.,Apply online in about 10 minutes. Google IT Support & more. Employer hiring pipeline.,WIOA funding may apply. Start your application today.,https://workforceap.org/apply?utm_source=google_ads&utm_campaign=free_IT_certification_Austin&utm_term=google%20it%20support%20austin,Apply,NoCost
free IT certification Austin,Google IT Support Austin,RSA-3,Responsive search ad,PAUSED,Apply in 10 Minutes,WIOA Funding May Apply,Eligibility Help Included,Employer Connections,Coursera-Backed Certs,Career Coach Included,Start Your Tech Career,No Cost if Eligible,Apply Today — Austin TX,No-Cost IT Certs Austin,No-Cost IT Training,Get IT Certified No Cost,Austin IT Career Training,WorkforceAP Programs,Google IT Support Path,"No-cost IT certificate pathways in Austin. Coaching, Coursera certs & job search support.",WorkforceAP helps Texans earn tech credentials at no cost when WIOA-eligible.,Apply online in about 10 minutes. Google IT Support & more. Employer hiring pipeline.,WIOA funding may apply. Start your application today.,https://workforceap.org/apply?utm_source=google_ads&utm_campaign=free_IT_certification_Austin&utm_term=google%20it%20support%20austin,Apply,NoCost
free IT certification Austin,Free Tech Training Austin,RSA-1,Responsive search ad,PAUSED,No-Cost IT Certs Austin,No-Cost IT Training,Get IT Certified No Cost,Austin IT Career Training,WorkforceAP Programs,Google IT Support Path,Apply in 10 Minutes,WIOA Funding May Apply,Eligibility Help Included,Employer Connections,Coursera-Backed Certs,Career Coach Included,Start Your Tech Career,No Cost if Eligible,Apply Today — Austin TX,"No-cost IT certificate pathways in Austin. Coaching, Coursera certs & job search support.",WorkforceAP helps Texans earn tech credentials at no cost when WIOA-eligible.,Apply online in about 10 minutes. Google IT Support & more. Employer hiring pipeline.,WIOA funding may apply. Start your application today.,https://workforceap.org/apply?utm_source=google_ads&utm_campaign=free_IT_certification_Austin&utm_term=free%20tech%20training%20austin,Apply,NoCost
free IT certification Austin,Free Tech Training Austin,RSA-2,Responsive search ad,PAUSED,Austin IT Career Training,WorkforceAP Programs,Google IT Support Path,Apply in 10 Minutes,WIOA Funding May Apply,Eligibility Help Included,Employer Connections,Coursera-Backed Certs,Career Coach Included,Start Your Tech Career,No Cost if Eligible,Apply Today — Austin TX,No-Cost IT Certs Austin,No-Cost IT Training,Get IT Certified No Cost,"No-cost IT certificate pathways in Austin. Coaching, Coursera certs & job search support.",WorkforceAP helps Texans earn tech credentials at no cost when WIOA-eligible.,Apply online in about 10 minutes. Google IT Support & more. Employer hiring pipeline.,WIOA funding may apply. Start your application today.,https://workforceap.org/apply?utm_source=google_ads&utm_campaign=free_IT_certification_Austin&utm_term=free%20tech%20training%20austin,Apply,NoCost
free IT certification Austin,Free Tech Training Austin,RSA-3,Responsive search ad,PAUSED,Apply in 10 Minutes,WIOA Funding May Apply,Eligibility Help Included,Employer Connections,Coursera-Backed Certs,Career Coach Included,Start Your Tech Career,No Cost if Eligible,Apply Today — Austin TX,No-Cost IT Certs Austin,No-Cost IT Training,Get IT Certified No Cost,Austin IT Career Training,WorkforceAP Programs,Google IT Support Path,"No-cost IT certificate pathways in Austin. Coaching, Coursera certs & job search support.",WorkforceAP helps Texans earn tech credentials at no cost when WIOA-eligible.,Apply online in about 10 minutes. Google IT Support & more. Employer hiring pipeline.,WIOA funding may apply. Start your application today.,https://workforceap.org/apply?utm_source=google_ads&utm_campaign=free_IT_certification_Austin&utm_term=free%20tech%20training%20austin,Apply,NoCost
career change tech training,Career Change to Tech,RSA-1,Responsive search ad,PAUSED,Career Change to Tech,Retrain for IT Jobs,Second Career? Start Here,No-Cost Tech Training,Switch Careers With Support,WorkforceAP — Apply No Cost,Coaching + job search support,Texas Workforce Programs,Eligibility Help Included,Google Certificates Included,Built for Career Changers,Evening-Friendly Options,WIOA May Cover Tuition,Apply in About 10 Min,Your Next Chapter in Tech,Changing careers? No-cost tech training with coaching and job search support in Texas.,"WorkforceAP specializes in career changers — certificates, mentors & job search help.",No-cost programs for eligible learners. Google certificates & employer connections.,Apply at no cost. WIOA may cover tuition. Career coaching included.,https://workforceap.org/apply?utm_source=google_ads&utm_campaign=career_change_tech_training&utm_term=career%20change%20tech%20training,Apply,NoCost
career change tech training,Career Change to Tech,RSA-2,Responsive search ad,PAUSED,No-Cost Tech Training,Switch Careers With Support,WorkforceAP — Apply No Cost,Coaching + job search support,Texas Workforce Programs,Eligibility Help Included,Google Certificates Included,Built for Career Changers,Evening-Friendly Options,WIOA May Cover Tuition,Apply in About 10 Min,Your Next Chapter in Tech,Career Change to Tech,Retrain for IT Jobs,Second Career? Start Here,Changing careers? No-cost tech training with coaching and job search support in Texas.,"WorkforceAP specializes in career changers — certificates, mentors & job search help.",No-cost programs for eligible learners. Google certificates & employer connections.,Apply at no cost. WIOA may cover tuition. Career coaching included.,https://workforceap.org/apply?utm_source=google_ads&utm_campaign=career_change_tech_training&utm_term=career%20change%20tech%20training,Apply,NoCost
career change tech training,Career Change to Tech,RSA-3,Responsive search ad,PAUSED,Coaching + job search support,Texas Workforce Programs,Eligibility Help Included,Google Certificates Included,Built for Career Changers,Evening-Friendly Options,WIOA May Cover Tuition,Apply in About 10 Min,Your Next Chapter in Tech,Career Change to Tech,Retrain for IT Jobs,Second Career? Start Here,No-Cost Tech Training,Switch Careers With Support,WorkforceAP — Apply No Cost,Changing careers? No-cost tech training with coaching and job search support in Texas.,"WorkforceAP specializes in career changers — certificates, mentors & job search help.",No-cost programs for eligible learners. Google certificates & employer connections.,Apply at no cost. WIOA may cover tuition. Career coaching included.,https://workforceap.org/apply?utm_source=google_ads&utm_campaign=career_change_tech_training&utm_term=career%20change%20tech%20training,Apply,NoCost
career change tech training,Second Career IT,RSA-1,Responsive search ad,PAUSED,Career Change to Tech,Retrain for IT Jobs,Second Career? Start Here,No-Cost Tech Training,Switch Careers With Support,WorkforceAP — Apply No Cost,Coaching + job search support,Texas Workforce Programs,Eligibility Help Included,Google Certificates Included,Built for Career Changers,Evening-Friendly Options,WIOA May Cover Tuition,Apply in About 10 Min,Your Next Chapter in Tech,Changing careers? No-cost tech training with coaching and job search support in Texas.,"WorkforceAP specializes in career changers — certificates, mentors & job search help.",No-cost programs for eligible learners. Google certificates & employer connections.,Apply at no cost. WIOA may cover tuition. Career coaching included.,https://workforceap.org/apply?utm_source=google_ads&utm_campaign=career_change_tech_training&utm_term=second%20career%20it,Apply,NoCost
career change tech training,Second Career IT,RSA-2,Responsive search ad,PAUSED,No-Cost Tech Training,Switch Careers With Support,WorkforceAP — Apply No Cost,Coaching + job search support,Texas Workforce Programs,Eligibility Help Included,Google Certificates Included,Built for Career Changers,Evening-Friendly Options,WIOA May Cover Tuition,Apply in About 10 Min,Your Next Chapter in Tech,Career Change to Tech,Retrain for IT Jobs,Second Career? Start Here,Changing careers? No-cost tech training with coaching and job search support in Texas.,"WorkforceAP specializes in career changers — certificates, mentors & job search help.",No-cost programs for eligible learners. Google certificates & employer connections.,Apply at no cost. WIOA may cover tuition. Career coaching included.,https://workforceap.org/apply?utm_source=google_ads&utm_campaign=career_change_tech_training&utm_term=second%20career%20it,Apply,NoCost
career change tech training,Second Career IT,RSA-3,Responsive search ad,PAUSED,Coaching + job search support,Texas Workforce Programs,Eligibility Help Included,Google Certificates Included,Built for Career Changers,Evening-Friendly Options,WIOA May Cover Tuition,Apply in About 10 Min,Your Next Chapter in Tech,Career Change to Tech,Retrain for IT Jobs,Second Career? Start Here,No-Cost Tech Training,Switch Careers With Support,WorkforceAP — Apply No Cost,Changing careers? No-cost tech training with coaching and job search support in Texas.,"WorkforceAP specializes in career changers — certificates, mentors & job search help.",No-cost programs for eligible learners. Google certificates & employer connections.,Apply at no cost. WIOA may cover tuition. Career coaching included.,https://workforceap.org/apply?utm_source=google_ads&utm_campaign=career_change_tech_training&utm_term=second%20career%20it,Apply,NoCost
career change tech training,Retrain for Tech Jobs,RSA-1,Responsive search ad,PAUSED,Career Change to Tech,Retrain for IT Jobs,Second Career? Start Here,No-Cost Tech Training,Switch Careers With Support,WorkforceAP — Apply No Cost,Coaching + job search support,Texas Workforce Programs,Eligibility Help Included,Google Certificates Included,Built for Career Changers,Evening-Friendly Options,WIOA May Cover Tuition,Apply in About 10 Min,Your Next Chapter in Tech,Changing careers? No-cost tech training with coaching and job search support in Texas.,"WorkforceAP specializes in career changers — certificates, mentors & job search help.",No-cost programs for eligible learners. Google certificates & employer connections.,Apply at no cost. WIOA may cover tuition. Career coaching included.,https://workforceap.org/apply?utm_source=google_ads&utm_campaign=career_change_tech_training&utm_term=retrain%20for%20tech%20jobs,Apply,NoCost
career change tech training,Retrain for Tech Jobs,RSA-2,Responsive search ad,PAUSED,No-Cost Tech Training,Switch Careers With Support,WorkforceAP — Apply No Cost,Coaching + job search support,Texas Workforce Programs,Eligibility Help Included,Google Certificates Included,Built for Career Changers,Evening-Friendly Options,WIOA May Cover Tuition,Apply in About 10 Min,Your Next Chapter in Tech,Career Change to Tech,Retrain for IT Jobs,Second Career? Start Here,Changing careers? No-cost tech training with coaching and job search support in Texas.,"WorkforceAP specializes in career changers — certificates, mentors & job search help.",No-cost programs for eligible learners. Google certificates & employer connections.,Apply at no cost. WIOA may cover tuition. Career coaching included.,https://workforceap.org/apply?utm_source=google_ads&utm_campaign=career_change_tech_training&utm_term=retrain%20for%20tech%20jobs,Apply,NoCost
career change tech training,Retrain for Tech Jobs,RSA-3,Responsive search ad,PAUSED,Coaching + job search support,Texas Workforce Programs,Eligibility Help Included,Google Certificates Included,Built for Career Changers,Evening-Friendly Options,WIOA May Cover Tuition,Apply in About 10 Min,Your Next Chapter in Tech,Career Change to Tech,Retrain for IT Jobs,Second Career? Start Here,No-Cost Tech Training,Switch Careers With Support,WorkforceAP — Apply No Cost,Changing careers? No-cost tech training with coaching and job search support in Texas.,"WorkforceAP specializes in career changers — certificates, mentors & job search help.",No-cost programs for eligible learners. Google certificates & employer connections.,Apply at no cost. WIOA may cover tuition. Career coaching included.,https://workforceap.org/apply?utm_source=google_ads&utm_campaign=career_change_tech_training&utm_term=retrain%20for%20tech%20jobs,Apply,NoCost
Google IT certificate free,Google IT Support Certificate,RSA-1,Responsive search ad,PAUSED,Google IT Cert No Cost,Google IT Support No Cost,No Tuition for Eligible,Official Google Curriculum,WorkforceAP Training Hub,Career Coach Included,Apply at No Cost,WIOA-Funded Options,Career Support Included,Learn IT Support Skills,Employer Hiring Pipeline,Austin & Texas Programs,Start the Google IT Path,Certificate + Job Support,Apply Now — No Cost,Earn the Google IT Support Certificate at no cost through WorkforceAP when eligible.,"Official Google curriculum plus career coaching, resume help & job search support.",Apply in about 10 minutes. WIOA-funded seats and coaching may be available.,Not a random online course — structured program with Austin-based support team.,https://workforceap.org/apply?utm_source=google_ads&utm_campaign=Google_IT_certificate_free&utm_term=google%20it%20certificate%20free,Apply,NoCost
Google IT certificate free,Google IT Support Certificate,RSA-2,Responsive search ad,PAUSED,Official Google Curriculum,WorkforceAP Training Hub,Career Coach Included,Apply at No Cost,WIOA-Funded Options,Career Support Included,Learn IT Support Skills,Employer Hiring Pipeline,Austin & Texas Programs,Start the Google IT Path,Certificate + Job Support,Apply Now — No Cost,Google IT Cert No Cost,Google IT Support No Cost,No Tuition for Eligible,Earn the Google IT Support Certificate at no cost through WorkforceAP when eligible.,"Official Google curriculum plus career coaching, resume help & job search support.",Apply in about 10 minutes. WIOA-funded seats and coaching may be available.,Not a random online course — structured program with Austin-based support team.,https://workforceap.org/apply?utm_source=google_ads&utm_campaign=Google_IT_certificate_free&utm_term=google%20it%20certificate%20free,Apply,NoCost
Google IT certificate free,Google IT Support Certificate,RSA-3,Responsive search ad,PAUSED,Apply at No Cost,WIOA-Funded Options,Career Support Included,Learn IT Support Skills,Employer Hiring Pipeline,Austin & Texas Programs,Start the Google IT Path,Certificate + Job Support,Apply Now — No Cost,Google IT Cert No Cost,Google IT Support No Cost,No Tuition for Eligible,Official Google Curriculum,WorkforceAP Training Hub,Career Coach Included,Earn the Google IT Support Certificate at no cost through WorkforceAP when eligible.,"Official Google curriculum plus career coaching, resume help & job search support.",Apply in about 10 minutes. WIOA-funded seats and coaching may be available.,Not a random online course — structured program with Austin-based support team.,https://workforceap.org/apply?utm_source=google_ads&utm_campaign=Google_IT_certificate_free&utm_term=google%20it%20certificate%20free,Apply,NoCost
Google IT certificate free,Google Career Certificates,RSA-1,Responsive search ad,PAUSED,Google IT Cert No Cost,Google IT Support No Cost,No Tuition for Eligible,Official Google Curriculum,WorkforceAP Training Hub,Career Coach Included,Apply at No Cost,WIOA-Funded Options,Career Support Included,Learn IT Support Skills,Employer Hiring Pipeline,Austin & Texas Programs,Start the Google IT Path,Certificate + Job Support,Apply Now — No Cost,Earn the Google IT Support Certificate at no cost through WorkforceAP when eligible.,"Official Google curriculum plus career coaching, resume help & job search support.",Apply in about 10 minutes. WIOA-funded seats and coaching may be available.,Not a random online course — structured program with Austin-based support team.,https://workforceap.org/apply?utm_source=google_ads&utm_campaign=Google_IT_certificate_free&utm_term=google%20career%20certificates%20free,Apply,NoCost
Google IT certificate free,Google Career Certificates,RSA-2,Responsive search ad,PAUSED,Official Google Curriculum,WorkforceAP Training Hub,Career Coach Included,Apply at No Cost,WIOA-Funded Options,Career Support Included,Learn IT Support Skills,Employer Hiring Pipeline,Austin & Texas Programs,Start the Google IT Path,Certificate + Job Support,Apply Now — No Cost,Google IT Cert No Cost,Google IT Support No Cost,No Tuition for Eligible,Earn the Google IT Support Certificate at no cost through WorkforceAP when eligible.,"Official Google curriculum plus career coaching, resume help & job search support.",Apply in about 10 minutes. WIOA-funded seats and coaching may be available.,Not a random online course — structured program with Austin-based support team.,https://workforceap.org/apply?utm_source=google_ads&utm_campaign=Google_IT_certificate_free&utm_term=google%20career%20certificates%20free,Apply,NoCost
Google IT certificate free,Google Career Certificates,RSA-3,Responsive search ad,PAUSED,Apply at No Cost,WIOA-Funded Options,Career Support Included,Learn IT Support Skills,Employer Hiring Pipeline,Austin & Texas Programs,Start the Google IT Path,Certificate + Job Support,Apply Now — No Cost,Google IT Cert No Cost,Google IT Support No Cost,No Tuition for Eligible,Official Google Curriculum,WorkforceAP Training Hub,Career Coach Included,Earn the Google IT Support Certificate at no cost through WorkforceAP when eligible.,"Official Google curriculum plus career coaching, resume help & job search support.",Apply in about 10 minutes. WIOA-funded seats and coaching may be available.,Not a random online course — structured program with Austin-based support team.,https://workforceap.org/apply?utm_source=google_ads&utm_campaign=Google_IT_certificate_free&utm_term=google%20career%20certificates%20free,Apply,NoCost
Google IT certificate free,Free Google IT Program,RSA-1,Responsive search ad,PAUSED,Google IT Cert No Cost,Google IT Support No Cost,No Tuition for Eligible,Official Google Curriculum,WorkforceAP Training Hub,Career Coach Included,Apply at No Cost,WIOA-Funded Options,Career Support Included,Learn IT Support Skills,Employer Hiring Pipeline,Austin & Texas Programs,Start the Google IT Path,Certificate + Job Support,Apply Now — No Cost,Earn the Google IT Support Certificate at no cost through WorkforceAP when eligible.,"Official Google curriculum plus career coaching, resume help & job search support.",Apply in about 10 minutes. WIOA-funded seats and coaching may be available.,Not a random online course — structured program with Austin-based support team.,https://workforceap.org/apply?utm_source=google_ads&utm_campaign=Google_IT_certificate_free&utm_term=free%20google%20it%20program,Apply,NoCost
Google IT certificate free,Free Google IT Program,RSA-2,Responsive search ad,PAUSED,Official Google Curriculum,WorkforceAP Training Hub,Career Coach Included,Apply at No Cost,WIOA-Funded Options,Career Support Included,Learn IT Support Skills,Employer Hiring Pipeline,Austin & Texas Programs,Start the Google IT Path,Certificate + Job Support,Apply Now — No Cost,Google IT Cert No Cost,Google IT Support No Cost,No Tuition for Eligible,Earn the Google IT Support Certificate at no cost through WorkforceAP when eligible.,"Official Google curriculum plus career coaching, resume help & job search support.",Apply in about 10 minutes. WIOA-funded seats and coaching may be available.,Not a random online course — structured program with Austin-based support team.,https://workforceap.org/apply?utm_source=google_ads&utm_campaign=Google_IT_certificate_free&utm_term=free%20google%20it%20program,Apply,NoCost
Google IT certificate free,Free Google IT Program,RSA-3,Responsive search ad,PAUSED,Apply at No Cost,WIOA-Funded Options,Career Support Included,Learn IT Support Skills,Employer Hiring Pipeline,Austin & Texas Programs,Start the Google IT Path,Certificate + Job Support,Apply Now — No Cost,Google IT Cert No Cost,Google IT Support No Cost,No Tuition for Eligible,Official Google Curriculum,WorkforceAP Training Hub,Career Coach Included,Earn the Google IT Support Certificate at no cost through WorkforceAP when eligible.,"Official Google curriculum plus career coaching, resume help & job search support.",Apply in about 10 minutes. WIOA-funded seats and coaching may be available.,Not a random online course — structured program with Austin-based support team.,https://workforceap.org/apply?utm_source=google_ads&utm_campaign=Google_IT_certificate_free&utm_term=free%20google%20it%20program,Apply,NoCost
WIOA training Texas,WIOA IT Training TX,RSA-1,Responsive search ad,PAUSED,WIOA Training Texas,WIOA-Funded IT Programs,Check Your Eligibility,No-Cost Workforce Training,Texas WIOA Tech Pathways,WorkforceAP Apply Page,IT Certs + job search support,We Help With WIOA Paperwork,Eligibility Help Included,Coursera Career Certificates,No Cost for Eligible Texans,Career Coaching Included,Employer Partner Network,Apply in 10 Minutes,WIOA IT Training — Texas,WIOA-funded IT & tech training across Texas. We help you navigate eligibility.,"No-cost workforce programs: Google certificates, coaching & employer introductions.","WorkforceAP is built for WIOA participants — compliance-ready, support-focused.","Apply today. Eligibility help for IT support, cybersecurity, and data paths.",https://workforceap.org/apply?utm_source=google_ads&utm_campaign=WIOA_training_Texas&utm_term=wioa%20training%20texas,Apply,NoCost
WIOA training Texas,WIOA IT Training TX,RSA-2,Responsive search ad,PAUSED,No-Cost Workforce Training,Texas WIOA Tech Pathways,WorkforceAP Apply Page,IT Certs + job search support,We Help With WIOA Paperwork,Eligibility Help Included,Coursera Career Certificates,No Cost for Eligible Texans,Career Coaching Included,Employer Partner Network,Apply in 10 Minutes,WIOA IT Training — Texas,WIOA Training Texas,WIOA-Funded IT Programs,Check Your Eligibility,WIOA-funded IT & tech training across Texas. We help you navigate eligibility.,"No-cost workforce programs: Google certificates, coaching & employer introductions.","WorkforceAP is built for WIOA participants — compliance-ready, support-focused.","Apply today. Eligibility help for IT support, cybersecurity, and data paths.",https://workforceap.org/apply?utm_source=google_ads&utm_campaign=WIOA_training_Texas&utm_term=wioa%20training%20texas,Apply,NoCost
WIOA training Texas,WIOA IT Training TX,RSA-3,Responsive search ad,PAUSED,IT Certs + job search support,We Help With WIOA Paperwork,Eligibility Help Included,Coursera Career Certificates,No Cost for Eligible Texans,Career Coaching Included,Employer Partner Network,Apply in 10 Minutes,WIOA IT Training — Texas,WIOA Training Texas,WIOA-Funded IT Programs,Check Your Eligibility,No-Cost Workforce Training,Texas WIOA Tech Pathways,WorkforceAP Apply Page,WIOA-funded IT & tech training across Texas. We help you navigate eligibility.,"No-cost workforce programs: Google certificates, coaching & employer introductions.","WorkforceAP is built for WIOA participants — compliance-ready, support-focused.","Apply today. Eligibility help for IT support, cybersecurity, and data paths.",https://workforceap.org/apply?utm_source=google_ads&utm_campaign=WIOA_training_Texas&utm_term=wioa%20training%20texas,Apply,NoCost
WIOA training Texas,WIOA Workforce Programs,RSA-1,Responsive search ad,PAUSED,WIOA Training Texas,WIOA-Funded IT Programs,Check Your Eligibility,No-Cost Workforce Training,Texas WIOA Tech Pathways,WorkforceAP Apply Page,IT Certs + job search support,We Help With WIOA Paperwork,Eligibility Help Included,Coursera Career Certificates,No Cost for Eligible Texans,Career Coaching Included,Employer Partner Network,Apply in 10 Minutes,WIOA IT Training — Texas,WIOA-funded IT & tech training across Texas. We help you navigate eligibility.,"No-cost workforce programs: Google certificates, coaching & employer introductions.","WorkforceAP is built for WIOA participants — compliance-ready, support-focused.","Apply today. Eligibility help for IT support, cybersecurity, and data paths.",https://workforceap.org/apply?utm_source=google_ads&utm_campaign=WIOA_training_Texas&utm_term=wioa%20workforce%20training,Apply,NoCost
WIOA training Texas,WIOA Workforce Programs,RSA-2,Responsive search ad,PAUSED,No-Cost Workforce Training,Texas WIOA Tech Pathways,WorkforceAP Apply Page,IT Certs + job search support,We Help With WIOA Paperwork,Eligibility Help Included,Coursera Career Certificates,No Cost for Eligible Texans,Career Coaching Included,Employer Partner Network,Apply in 10 Minutes,WIOA IT Training — Texas,WIOA Training Texas,WIOA-Funded IT Programs,Check Your Eligibility,WIOA-funded IT & tech training across Texas. We help you navigate eligibility.,"No-cost workforce programs: Google certificates, coaching & employer introductions.","WorkforceAP is built for WIOA participants — compliance-ready, support-focused.","Apply today. Eligibility help for IT support, cybersecurity, and data paths.",https://workforceap.org/apply?utm_source=google_ads&utm_campaign=WIOA_training_Texas&utm_term=wioa%20workforce%20training,Apply,NoCost
WIOA training Texas,WIOA Workforce Programs,RSA-3,Responsive search ad,PAUSED,IT Certs + job search support,We Help With WIOA Paperwork,Eligibility Help Included,Coursera Career Certificates,No Cost for Eligible Texans,Career Coaching Included,Employer Partner Network,Apply in 10 Minutes,WIOA IT Training — Texas,WIOA Training Texas,WIOA-Funded IT Programs,Check Your Eligibility,No-Cost Workforce Training,Texas WIOA Tech Pathways,WorkforceAP Apply Page,WIOA-funded IT & tech training across Texas. We help you navigate eligibility.,"No-cost workforce programs: Google certificates, coaching & employer introductions.","WorkforceAP is built for WIOA participants — compliance-ready, support-focused.","Apply today. Eligibility help for IT support, cybersecurity, and data paths.",https://workforceap.org/apply?utm_source=google_ads&utm_campaign=WIOA_training_Texas&utm_term=wioa%20workforce%20training,Apply,NoCost
WIOA training Texas,Texas WIOA Tech,RSA-1,Responsive search ad,PAUSED,WIOA Training Texas,WIOA-Funded IT Programs,Check Your Eligibility,No-Cost Workforce Training,Texas WIOA Tech Pathways,WorkforceAP Apply Page,IT Certs + job search support,We Help With WIOA Paperwork,Eligibility Help Included,Coursera Career Certificates,No Cost for Eligible Texans,Career Coaching Included,Employer Partner Network,Apply in 10 Minutes,WIOA IT Training — Texas,WIOA-funded IT & tech training across Texas. We help you navigate eligibility.,"No-cost workforce programs: Google certificates, coaching & employer introductions.","WorkforceAP is built for WIOA participants — compliance-ready, support-focused.","Apply today. Eligibility help for IT support, cybersecurity, and data paths.",https://workforceap.org/apply?utm_source=google_ads&utm_campaign=WIOA_training_Texas&utm_term=texas%20wioa%20tech%20training,Apply,NoCost
WIOA training Texas,Texas WIOA Tech,RSA-2,Responsive search ad,PAUSED,No-Cost Workforce Training,Texas WIOA Tech Pathways,WorkforceAP Apply Page,IT Certs + job search support,We Help With WIOA Paperwork,Eligibility Help Included,Coursera Career Certificates,No Cost for Eligible Texans,Career Coaching Included,Employer Partner Network,Apply in 10 Minutes,WIOA IT Training — Texas,WIOA Training Texas,WIOA-Funded IT Programs,Check Your Eligibility,WIOA-funded IT & tech training across Texas. We help you navigate eligibility.,"No-cost workforce programs: Google certificates, coaching & employer introductions.","WorkforceAP is built for WIOA participants — compliance-ready, support-focused.","Apply today. Eligibility help for IT support, cybersecurity, and data paths.",https://workforceap.org/apply?utm_source=google_ads&utm_campaign=WIOA_training_Texas&utm_term=texas%20wioa%20tech%20training,Apply,NoCost
WIOA training Texas,Texas WIOA Tech,RSA-3,Responsive search ad,PAUSED,IT Certs + job search support,We Help With WIOA Paperwork,Eligibility Help Included,Coursera Career Certificates,No Cost for Eligible Texans,Career Coaching Included,Employer Partner Network,Apply in 10 Minutes,WIOA IT Training — Texas,WIOA Training Texas,WIOA-Funded IT Programs,Check Your Eligibility,No-Cost Workforce Training,Texas WIOA Tech Pathways,WorkforceAP Apply Page,WIOA-funded IT & tech training across Texas. We help you navigate eligibility.,"No-cost workforce programs: Google certificates, coaching & employer introductions.","WorkforceAP is built for WIOA participants — compliance-ready, support-focused.","Apply today. Eligibility help for IT support, cybersecurity, and data paths.",https://workforceap.org/apply?utm_source=google_ads&utm_campaign=WIOA_training_Texas&utm_term=texas%20wioa%20tech%20training,Apply,NoCost
no cost coding bootcamp Austin,Free Coding Bootcamp Austin,RSA-1,Responsive search ad,PAUSED,No-Cost Coding Bootcamp,No-Cost Bootcamp Austin,Learn to Code at No Cost,Austin Tech Bootcamp,Zero Tuition for Eligible,WorkforceAP Apply Now,Not a For-Profit Bootcamp,WIOA Funding Available,Career Support Included,job search support,Google & Tech Certificates,Career Change Welcome,Apply Online in Minutes,Austin-Based Coaches,Start Your Tech Journey,"No-cost coding & tech bootcamp-style training in Austin — grant-funded, not tuition.","Learn job-ready skills with coaches, projects, and job search support.",Alternative to $15K bootcamps: WorkforceAP programs are no-cost for eligible members.,WIOA options available. Google IT and tech certificate pathways available.,https://workforceap.org/apply?utm_source=google_ads&utm_campaign=no_cost_coding_bootcamp_Austin&utm_term=no%20cost%20coding%20bootcamp%20austin,Apply,NoCost
no cost coding bootcamp Austin,Free Coding Bootcamp Austin,RSA-2,Responsive search ad,PAUSED,Austin Tech Bootcamp,Zero Tuition for Eligible,WorkforceAP Apply Now,Not a For-Profit Bootcamp,WIOA Funding Available,Career Support Included,job search support,Google & Tech Certificates,Career Change Welcome,Apply Online in Minutes,Austin-Based Coaches,Start Your Tech Journey,No-Cost Coding Bootcamp,No-Cost Bootcamp Austin,Learn to Code at No Cost,"No-cost coding & tech bootcamp-style training in Austin — grant-funded, not tuition.","Learn job-ready skills with coaches, projects, and job search support.",Alternative to $15K bootcamps: WorkforceAP programs are no-cost for eligible members.,WIOA options available. Google IT and tech certificate pathways available.,https://workforceap.org/apply?utm_source=google_ads&utm_campaign=no_cost_coding_bootcamp_Austin&utm_term=no%20cost%20coding%20bootcamp%20austin,Apply,NoCost
no cost coding bootcamp Austin,Free Coding Bootcamp Austin,RSA-3,Responsive search ad,PAUSED,Not a For-Profit Bootcamp,WIOA Funding Available,Career Support Included,job search support,Google & Tech Certificates,Career Change Welcome,Apply Online in Minutes,Austin-Based Coaches,Start Your Tech Journey,No-Cost Coding Bootcamp,No-Cost Bootcamp Austin,Learn to Code at No Cost,Austin Tech Bootcamp,Zero Tuition for Eligible,WorkforceAP Apply Now,"No-cost coding & tech bootcamp-style training in Austin — grant-funded, not tuition.","Learn job-ready skills with coaches, projects, and job search support.",Alternative to $15K bootcamps: WorkforceAP programs are no-cost for eligible members.,WIOA options available. Google IT and tech certificate pathways available.,https://workforceap.org/apply?utm_source=google_ads&utm_campaign=no_cost_coding_bootcamp_Austin&utm_term=no%20cost%20coding%20bootcamp%20austin,Apply,NoCost
no cost coding bootcamp Austin,No Cost Bootcamp ATX,RSA-1,Responsive search ad,PAUSED,No-Cost Coding Bootcamp,No-Cost Bootcamp Austin,Learn to Code at No Cost,Austin Tech Bootcamp,Zero Tuition for Eligible,WorkforceAP Apply Now,Not a For-Profit Bootcamp,WIOA Funding Available,Career Support Included,job search support,Google & Tech Certificates,Career Change Welcome,Apply Online in Minutes,Austin-Based Coaches,Start Your Tech Journey,"No-cost coding & tech bootcamp-style training in Austin — grant-funded, not tuition.","Learn job-ready skills with coaches, projects, and job search support.",Alternative to $15K bootcamps: WorkforceAP programs are no-cost for eligible members.,WIOA options available. Google IT and tech certificate pathways available.,https://workforceap.org/apply?utm_source=google_ads&utm_campaign=no_cost_coding_bootcamp_Austin&utm_term=no%20cost%20bootcamp%20austin,Apply,NoCost
no cost coding bootcamp Austin,No Cost Bootcamp ATX,RSA-2,Responsive search ad,PAUSED,Austin Tech Bootcamp,Zero Tuition for Eligible,WorkforceAP Apply Now,Not a For-Profit Bootcamp,WIOA Funding Available,Career Support Included,job search support,Google & Tech Certificates,Career Change Welcome,Apply Online in Minutes,Austin-Based Coaches,Start Your Tech Journey,No-Cost Coding Bootcamp,No-Cost Bootcamp Austin,Learn to Code at No Cost,"No-cost coding & tech bootcamp-style training in Austin — grant-funded, not tuition.","Learn job-ready skills with coaches, projects, and job search support.",Alternative to $15K bootcamps: WorkforceAP programs are no-cost for eligible members.,WIOA options available. Google IT and tech certificate pathways available.,https://workforceap.org/apply?utm_source=google_ads&utm_campaign=no_cost_coding_bootcamp_Austin&utm_term=no%20cost%20bootcamp%20austin,Apply,NoCost
no cost coding bootcamp Austin,No Cost Bootcamp ATX,RSA-3,Responsive search ad,PAUSED,Not a For-Profit Bootcamp,WIOA Funding Available,Career Support Included,job search support,Google & Tech Certificates,Career Change Welcome,Apply Online in Minutes,Austin-Based Coaches,Start Your Tech Journey,No-Cost Coding Bootcamp,No-Cost Bootcamp Austin,Learn to Code at No Cost,Austin Tech Bootcamp,Zero Tuition for Eligible,WorkforceAP Apply Now,"No-cost coding & tech bootcamp-style training in Austin — grant-funded, not tuition.","Learn job-ready skills with coaches, projects, and job search support.",Alternative to $15K bootcamps: WorkforceAP programs are no-cost for eligible members.,WIOA options available. Google IT and tech certificate pathways available.,https://workforceap.org/apply?utm_source=google_ads&utm_campaign=no_cost_coding_bootcamp_Austin&utm_term=no%20cost%20bootcamp%20austin,Apply,NoCost
no cost coding bootcamp Austin,Austin Tech Bootcamp Free,RSA-1,Responsive search ad,PAUSED,No-Cost Coding Bootcamp,No-Cost Bootcamp Austin,Learn to Code at No Cost,Austin Tech Bootcamp,Zero Tuition for Eligible,WorkforceAP Apply Now,Not a For-Profit Bootcamp,WIOA Funding Available,Career Support Included,job search support,Google & Tech Certificates,Career Change Welcome,Apply Online in Minutes,Austin-Based Coaches,Start Your Tech Journey,"No-cost coding & tech bootcamp-style training in Austin — grant-funded, not tuition.","Learn job-ready skills with coaches, projects, and job search support.",Alternative to $15K bootcamps: WorkforceAP programs are no-cost for eligible members.,WIOA options available. Google IT and tech certificate pathways available.,https://workforceap.org/apply?utm_source=google_ads&utm_campaign=no_cost_coding_bootcamp_Austin&utm_term=austin%20tech%20bootcamp%20free,Apply,NoCost
no cost coding bootcamp Austin,Austin Tech Bootcamp Free,RSA-2,Responsive search ad,PAUSED,Austin Tech Bootcamp,Zero Tuition for Eligible,WorkforceAP Apply Now,Not a For-Profit Bootcamp,WIOA Funding Available,Career Support Included,job search support,Google & Tech Certificates,Career Change Welcome,Apply Online in Minutes,Austin-Based Coaches,Start Your Tech Journey,No-Cost Coding Bootcamp,No-Cost Bootcamp Austin,Learn to Code at No Cost,"No-cost coding & tech bootcamp-style training in Austin — grant-funded, not tuition.","Learn job-ready skills with coaches, projects, and job search support.",Alternative to $15K bootcamps: WorkforceAP programs are no-cost for eligible members.,WIOA options available. Google IT and tech certificate pathways available.,https://workforceap.org/apply?utm_source=google_ads&utm_campaign=no_cost_coding_bootcamp_Austin&utm_term=austin%20tech%20bootcamp%20free,Apply,NoCost
no cost coding bootcamp Austin,Austin Tech Bootcamp Free,RSA-3,Responsive search ad,PAUSED,Not a For-Profit Bootcamp,WIOA Funding Available,Career Support Included,job search support,Google & Tech Certificates,Career Change Welcome,Apply Online in Minutes,Austin-Based Coaches,Start Your Tech Journey,No-Cost Coding Bootcamp,No-Cost Bootcamp Austin,Learn to Code at No Cost,Austin Tech Bootcamp,Zero Tuition for Eligible,WorkforceAP Apply Now,"No-cost coding & tech bootcamp-style training in Austin — grant-funded, not tuition.","Learn job-ready skills with coaches, projects, and job search support.",Alternative to $15K bootcamps: WorkforceAP programs are no-cost for eligible members.,WIOA options available. Google IT and tech certificate pathways available.,https://workforceap.org/apply?utm_source=google_ads&utm_campaign=no_cost_coding_bootcamp_Austin&utm_term=austin%20tech%20bootcamp%20free,Apply,NoCost
