"score","FullName","Extension","Length","LastWriteTime"
"70","C:\Users\mabro\Downloads\historical-student-data\Office Admin\STUDENT DATABASE\2020 Audit Master Document-1.xlsx",".xlsx","302538","3/22/2026 12:26:55 PM"
"70","C:\Users\mabro\Downloads\historical-student-data\Office Admin\STUDENT DATABASE\2020 Audit Master Document as of 2-3-20 at 2pm.xlsx",".xlsx","312047","3/22/2026 12:26:55 PM"
"70","C:\Users\mabro\Downloads\historical-student-data\Office Admin\STUDENT DATABASE\2020 Audit Master Document as of 1-30-20 at 5-50pm.xlsx",".xlsx","310731","3/22/2026 12:26:55 PM"
"70","C:\Users\mabro\Downloads\historical-student-data\Office Admin\STUDENT DATABASE\2020 Audit Master Document as of 1-30-20 at 4pm.xlsx",".xlsx","310732","3/22/2026 12:26:55 PM"
"70","C:\Users\mabro\Downloads\historical-student-data\Office Admin\STUDENT DATABASE\2020 Audit Master Document as of 1-30-20 at 3pm.xlsx",".xlsx","309810","3/22/2026 12:26:55 PM"
"70","C:\Users\mabro\Downloads\historical-student-data\Office Admin\STUDENT DATABASE\2020 Audit Master Document as of 1-30-20 at 1-20pm.xlsx",".xlsx","309888","3/22/2026 12:26:55 PM"
"70","C:\Users\mabro\Downloads\historical-student-data\Office Admin\STUDENT DATABASE\2020 Audit Master Document as of 1-29-20 at 4-30pm.xlsx",".xlsx","308567","3/22/2026 12:26:55 PM"
"70","C:\Users\mabro\Downloads\historical-student-data\Office Admin\STUDENT DATABASE\2020 ALL Audit Master Document as of 2-3-20 at 5pm.xlsx",".xlsx","312408","3/22/2026 12:26:55 PM"
"70","C:\Users\mabro\Downloads\historical-student-data\Office Admin\STUDENT DATABASE\2020 ALL Audit Master Document as of 2-3-20 at 2pm.xlsx",".xlsx","312042","3/22/2026 12:26:55 PM"
"70","C:\Users\mabro\Downloads\historical-student-data\Office Admin\STUDENT DATABASE\2020  TWC Audit Master Document as of 2-3-20 at 5pm.xlsx",".xlsx","312041","3/22/2026 12:26:55 PM"
"70","C:\Users\mabro\Downloads\historical-student-data\Office Admin\HOW TO'S (STUDENTS_INSTRUCTORS)\HOW TO - ZOOM WEBINAR (INSTRUCTORS)\Office Admin\STUDENT DATABASE\2020 Audit Master Document-1.xlsx",".xlsx","302538","3/22/2026 12:26:51 PM"
"70","C:\Users\mabro\Downloads\historical-student-data\Office Admin\HOW TO'S (STUDENTS_INSTRUCTORS)\HOW TO - ZOOM WEBINAR (INSTRUCTORS)\Office Admin\STUDENT DATABASE\2020 Audit Master Document as of 2-3-20 at 2pm.xlsx",".xlsx","312047","3/22/2026 12:26:51 PM"
"70","C:\Users\mabro\Downloads\historical-student-data\Office Admin\HOW TO'S (STUDENTS_INSTRUCTORS)\HOW TO - ZOOM WEBINAR (INSTRUCTORS)\Office Admin\STUDENT DATABASE\2020 Audit Master Document as of 1-30-20 at 5-50pm.xlsx",".xlsx","310731","3/22/2026 12:26:51 PM"
"70","C:\Users\mabro\Downloads\historical-student-data\Office Admin\HOW TO'S (STUDENTS_INSTRUCTORS)\HOW TO - ZOOM WEBINAR (INSTRUCTORS)\Office Admin\STUDENT DATABASE\2020 Audit Master Document as of 1-30-20 at 4pm.xlsx",".xlsx","310732","3/22/2026 12:26:51 PM"
"70","C:\Users\mabro\Downloads\historical-student-data\Office Admin\HOW TO'S (STUDENTS_INSTRUCTORS)\HOW TO - ZOOM WEBINAR (INSTRUCTORS)\Office Admin\STUDENT DATABASE\2020 Audit Master Document as of 1-30-20 at 3pm.xlsx",".xlsx","309810","3/22/2026 12:26:51 PM"
"70","C:\Users\mabro\Downloads\historical-student-data\Office Admin\HOW TO'S (STUDENTS_INSTRUCTORS)\HOW TO - ZOOM WEBINAR (INSTRUCTORS)\Office Admin\STUDENT DATABASE\2020 Audit Master Document as of 1-30-20 at 1-20pm.xlsx",".xlsx","309888","3/22/2026 12:26:51 PM"
"70","C:\Users\mabro\Downloads\historical-student-data\Office Admin\HOW TO'S (STUDENTS_INSTRUCTORS)\HOW TO - ZOOM WEBINAR (INSTRUCTORS)\Office Admin\STUDENT DATABASE\2020 Audit Master Document as of 1-29-20 at 4-30pm.xlsx",".xlsx","308567","3/22/2026 12:26:51 PM"
"70","C:\Users\mabro\Downloads\historical-student-data\Office Admin\HOW TO'S (STUDENTS_INSTRUCTORS)\HOW TO - ZOOM WEBINAR (INSTRUCTORS)\Office Admin\STUDENT DATABASE\2020 ALL Audit Master Document as of 2-3-20 at 5pm.xlsx",".xlsx","312408","3/22/2026 12:26:51 PM"
"70","C:\Users\mabro\Downloads\historical-student-data\Office Admin\HOW TO'S (STUDENTS_INSTRUCTORS)\HOW TO - ZOOM WEBINAR (INSTRUCTORS)\Office Admin\STUDENT DATABASE\2020 ALL Audit Master Document as of 2-3-20 at 2pm.xlsx",".xlsx","312042","3/22/2026 12:26:51 PM"
"70","C:\Users\mabro\Downloads\historical-student-data\Office Admin\HOW TO'S (STUDENTS_INSTRUCTORS)\HOW TO - ZOOM WEBINAR (INSTRUCTORS)\Office Admin\STUDENT DATABASE\2020  TWC Audit Master Document as of 2-3-20 at 5pm.xlsx",".xlsx","312041","3/22/2026 12:26:51 PM"
"50","C:\Users\mabro\Downloads\historical-student-data\Office Admin\STUDENT DATABASE\All BACKUPS\Copy of CSN MASTER SORTED 4-23-18 Student Spreadsheet 2008-2018--TWC (Update).xlsx",".xlsx","271822","3/22/2026 12:26:55 PM"
"50","C:\Users\mabro\Downloads\historical-student-data\Office Admin\STUDENT DATABASE\All BACKUPS\Copy of CSN MASTER SORTED 4-23-18 Student Spreadsheet 2008-2018--TWC (Autosaved).xlsx",".xlsx","264791","3/22/2026 12:26:55 PM"
"50","C:\Users\mabro\Downloads\historical-student-data\Office Admin\STUDENT DATABASE\All BACKUPS\CSN MASTER SORTED 9-17-18 Student Spreadsheet 2008-2018--TWC.xlsx",".xlsx","283272","3/22/2026 12:26:55 PM"
"50","C:\Users\mabro\Downloads\historical-student-data\Office Admin\STUDENT DATABASE\All BACKUPS\CSN MASTER SORTED 9-17-18 Student Spreadsheet 2008-2018--TWC .xlsx",".xlsx","284014","3/22/2026 12:26:55 PM"
"50","C:\Users\mabro\Downloads\historical-student-data\Office Admin\STUDENT DATABASE\All BACKUPS\CSN MASTER SORTED 9-17-18 Student Spreadsheet 2008-2018--TWC --w notations.xlsx",".xlsx","284135","3/22/2026 12:26:55 PM"
"50","C:\Users\mabro\Downloads\historical-student-data\Office Admin\STUDENT DATABASE\All BACKUPS\CSN MASTER SORTED 9-17-18 Student Spreadsheet 2008-2018--TWC --sorted by START DATE upd.xlsx",".xlsx","284137","3/22/2026 12:26:55 PM"
"50","C:\Users\mabro\Downloads\historical-student-data\Office Admin\STUDENT DATABASE\All BACKUPS\CSN MASTER SORTED 8-29-18 Student Spreadsheet 2008-2018--TWC (Autosaved).xlsx",".xlsx","265664","3/22/2026 12:26:55 PM"
"50","C:\Users\mabro\Downloads\historical-student-data\Office Admin\STUDENT DATABASE\All BACKUPS\CSN MASTER SORTED 8-24-17 Student Spreadsheet 2008-2017--w notations.xlsx",".xlsx","278261","3/22/2026 12:26:55 PM"
"50","C:\Users\mabro\Downloads\historical-student-data\Office Admin\STUDENT DATABASE\All BACKUPS\CSN MASTER SORTED 8-24-17 Student Spreadsheet 2008-2017--TWC.xlsx",".xlsx","284664","3/22/2026 12:26:55 PM"
"50","C:\Users\mabro\Downloads\historical-student-data\Office Admin\STUDENT DATABASE\All BACKUPS\CSN MASTER SORTED 4-23-18 Student Spreadsheet 2008-2018--TWC.xlsx",".xlsx","270199","3/22/2026 12:26:55 PM"
"50","C:\Users\mabro\Downloads\historical-student-data\Office Admin\STUDENT DATABASE\All BACKUPS\CSN MASTER SORTED 10-10-18 Student Spreadsheet 2008-2018--TWC.xlsx",".xlsx","289686","3/22/2026 12:26:55 PM"
"50","C:\Users\mabro\Downloads\historical-student-data\Office Admin\STUDENT DATABASE\All BACKUPS\CSN MASTER SORTED 10-10-18 Student Spreadsheet 2008-2018--TWC --w notations.xlsx",".xlsx","289081","3/22/2026 12:26:55 PM"
"50","C:\Users\mabro\Downloads\historical-student-data\Office Admin\STUDENT DATABASE\All BACKUPS\CSN MASTER SORTED 10-10-18 Student Spreadsheet 2008-2018--TWC --sorted by START DATE.xlsx",".xlsx","284133","3/22/2026 12:26:55 PM"
"50","C:\Users\mabro\Downloads\historical-student-data\Office Admin\STUDENT DATABASE\All BACKUPS\CSN MASTER SORTED 10-10-18 Student Spreadsheet 2008-2018--TWC --sorted by CLASS then start date.xlsx",".xlsx","289864","3/22/2026 12:26:55 PM"
"50","C:\Users\mabro\Downloads\historical-student-data\Office Admin\STUDENT DATABASE\All BACKUPS\CSN MASTER SORTED 10-09-18 Student Spreadsheet 2008-2018--TWC  (Autosaved).xlsx",".xlsx","278053","3/22/2026 12:26:55 PM"
"50","C:\Users\mabro\Downloads\historical-student-data\Office Admin\STUDENT DATABASE\Copy of 10-12-18 MASTER CSN MASTER SORTED 11-30-18 Student Spreadsheet 2008-2018--TWC --w notations.xlsx",".xlsx","286152","3/22/2026 12:26:55 PM"
"50","C:\Users\mabro\Downloads\historical-student-data\Office Admin\STUDENT DATABASE\CSN MASTER SORTED 11-06-18 Student Spreadsheet 2008-2018--TWC --w notations SORTED BY CLASS.xlsx",".xlsx","277219","3/22/2026 12:26:55 PM"
"50","C:\Users\mabro\Downloads\historical-student-data\Office Admin\STUDENT DATABASE\10-12-18 MASTER CSN MASTER SORTED 11-15-19 Student Spreadsheet 2008-2019--TWC --w notations.xlsx",".xlsx","298654","3/22/2026 12:26:55 PM"
"50","C:\Users\mabro\Downloads\historical-student-data\Office Admin\STUDENT DATABASE\10-12-18 MASTER CSN MASTER SORTED 03-04-19 Student Spreadsheet 2008-2018--TWC --w notations.xlsx",".xlsx","298659","3/22/2026 12:26:55 PM"
"50","C:\Users\mabro\Downloads\historical-student-data\Office Admin\HOW TO'S (STUDENTS_INSTRUCTORS)\HOW TO - ZOOM WEBINAR (INSTRUCTORS)\Office Admin\STUDENT DATABASE\All BACKUPS\Copy of CSN MASTER SORTED 4-23-18 Student Spreadsheet 2008-2018--TWC (Update).xlsx",".xlsx","271822","3/22/2026 12:26:52 PM"
"50","C:\Users\mabro\Downloads\historical-student-data\Office Admin\HOW TO'S (STUDENTS_INSTRUCTORS)\HOW TO - ZOOM WEBINAR (INSTRUCTORS)\Office Admin\STUDENT DATABASE\All BACKUPS\Copy of CSN MASTER SORTED 4-23-18 Student Spreadsheet 2008-2018--TWC (Autosaved).xlsx",".xlsx","264791","3/22/2026 12:26:52 PM"
"50","C:\Users\mabro\Downloads\historical-student-data\Office Admin\HOW TO'S (STUDENTS_INSTRUCTORS)\HOW TO - ZOOM WEBINAR (INSTRUCTORS)\Office Admin\STUDENT DATABASE\All BACKUPS\CSN MASTER SORTED 9-17-18 Student Spreadsheet 2008-2018--TWC.xlsx",".xlsx","283272","3/22/2026 12:26:52 PM"
"50","C:\Users\mabro\Downloads\historical-student-data\Office Admin\HOW TO'S (STUDENTS_INSTRUCTORS)\HOW TO - ZOOM WEBINAR (INSTRUCTORS)\Office Admin\STUDENT DATABASE\All BACKUPS\CSN MASTER SORTED 9-17-18 Student Spreadsheet 2008-2018--TWC .xlsx",".xlsx","284014","3/22/2026 12:26:52 PM"
"50","C:\Users\mabro\Downloads\historical-student-data\Office Admin\HOW TO'S (STUDENTS_INSTRUCTORS)\HOW TO - ZOOM WEBINAR (INSTRUCTORS)\Office Admin\STUDENT DATABASE\All BACKUPS\CSN MASTER SORTED 9-17-18 Student Spreadsheet 2008-2018--TWC --w notations.xlsx",".xlsx","284135","3/22/2026 12:26:52 PM"
"50","C:\Users\mabro\Downloads\historical-student-data\Office Admin\HOW TO'S (STUDENTS_INSTRUCTORS)\HOW TO - ZOOM WEBINAR (INSTRUCTORS)\Office Admin\STUDENT DATABASE\All BACKUPS\CSN MASTER SORTED 8-29-18 Student Spreadsheet 2008-2018--TWC (Autosaved).xlsx",".xlsx","265664","3/22/2026 12:26:52 PM"
"50","C:\Users\mabro\Downloads\historical-student-data\Office Admin\HOW TO'S (STUDENTS_INSTRUCTORS)\HOW TO - ZOOM WEBINAR (INSTRUCTORS)\Office Admin\STUDENT DATABASE\All BACKUPS\CSN MASTER SORTED 8-24-17 Student Spreadsheet 2008-2017--w notations.xlsx",".xlsx","278261","3/22/2026 12:26:52 PM"
"50","C:\Users\mabro\Downloads\historical-student-data\Office Admin\HOW TO'S (STUDENTS_INSTRUCTORS)\HOW TO - ZOOM WEBINAR (INSTRUCTORS)\Office Admin\STUDENT DATABASE\All BACKUPS\CSN MASTER SORTED 8-24-17 Student Spreadsheet 2008-2017--TWC.xlsx",".xlsx","284664","3/22/2026 12:26:52 PM"
"50","C:\Users\mabro\Downloads\historical-student-data\Office Admin\HOW TO'S (STUDENTS_INSTRUCTORS)\HOW TO - ZOOM WEBINAR (INSTRUCTORS)\Office Admin\STUDENT DATABASE\All BACKUPS\CSN MASTER SORTED 4-23-18 Student Spreadsheet 2008-2018--TWC.xlsx",".xlsx","270199","3/22/2026 12:26:52 PM"
"50","C:\Users\mabro\Downloads\historical-student-data\Office Admin\HOW TO'S (STUDENTS_INSTRUCTORS)\HOW TO - ZOOM WEBINAR (INSTRUCTORS)\Office Admin\STUDENT DATABASE\All BACKUPS\CSN MASTER SORTED 10-10-18 Student Spreadsheet 2008-2018--TWC.xlsx",".xlsx","289686","3/22/2026 12:26:52 PM"
"50","C:\Users\mabro\Downloads\historical-student-data\Office Admin\HOW TO'S (STUDENTS_INSTRUCTORS)\HOW TO - ZOOM WEBINAR (INSTRUCTORS)\Office Admin\STUDENT DATABASE\All BACKUPS\CSN MASTER SORTED 10-10-18 Student Spreadsheet 2008-2018--TWC --w notations.xlsx",".xlsx","289081","3/22/2026 12:26:52 PM"
"50","C:\Users\mabro\Downloads\historical-student-data\Office Admin\HOW TO'S (STUDENTS_INSTRUCTORS)\HOW TO - ZOOM WEBINAR (INSTRUCTORS)\Office Admin\STUDENT DATABASE\All BACKUPS\CSN MASTER SORTED 10-09-18 Student Spreadsheet 2008-2018--TWC  (Autosaved).xlsx",".xlsx","278053","3/22/2026 12:26:52 PM"
"50","C:\Users\mabro\Downloads\historical-student-data\Office Admin\HOW TO'S (STUDENTS_INSTRUCTORS)\HOW TO - ZOOM WEBINAR (INSTRUCTORS)\Office Admin\STUDENT DATABASE\CSN MASTER SORTED 11-06-18 Student Spreadsheet 2008-2018--TWC --w notations SORTED BY CLASS.xlsx",".xlsx","277219","3/22/2026 12:26:51 PM"
"50","C:\Users\mabro\Downloads\historical-student-data\Office Admin\HOW TO'S (STUDENTS_INSTRUCTORS)\HOW TO - ZOOM WEBINAR (INSTRUCTORS)\Office Admin\STUDENT DATABASE\10-12-18 MASTER CSN MASTER SORTED 11-15-19 Student Spreadsheet 2008-2019--TWC --w notations.xlsx",".xlsx","298654","3/22/2026 12:26:51 PM"
"50","C:\Users\mabro\Downloads\historical-student-data\Office Admin\HOW TO'S (STUDENTS_INSTRUCTORS)\HOW TO - ZOOM WEBINAR (INSTRUCTORS)\Office Admin\STUDENT DATABASE\10-12-18 MASTER CSN MASTER SORTED 03-04-19 Student Spreadsheet 2008-2018--TWC --w notations.xlsx",".xlsx","298659","3/22/2026 12:26:51 PM"
"50","C:\Users\mabro\Downloads\historical-student-data\CSN 2018 Completers Survey-Updated\EnrolledStudentsSept1-Aug31 FORMATTED FOR COMPLETERS SURVEY.xlsx",".xlsx","21140","3/22/2026 12:26:28 PM"
"30","C:\Users\mabro\Downloads\historical-student-data\Office Admin\STUDENT DATABASE\All BACKUPS\Potential SQL-PMP Students Since 9-2016 to Current for 6-12-2017 Start Date.xlsx",".xlsx","39143","3/22/2026 12:26:55 PM"
"30","C:\Users\mabro\Downloads\historical-student-data\Office Admin\STUDENT DATABASE\All BACKUPS\Potential Java-SQL Students Since 9-2016 to Current for 6-12-2017 Start Date.xlsx",".xlsx","19176","3/22/2026 12:26:55 PM"
"30","C:\Users\mabro\Downloads\historical-student-data\Office Admin\STUDENT DATABASE\All BACKUPS\CSN Student Database Back Up.xlsx",".xlsx","28288","3/22/2026 12:26:55 PM"
"30","C:\Users\mabro\Downloads\historical-student-data\Office Admin\STUDENT DATABASE\All BACKUPS\CSN Student Database 2008-2017as of 6-7-17 Sorted old to new.xlsx",".xlsx","390857","3/22/2026 12:26:55 PM"
"30","C:\Users\mabro\Downloads\historical-student-data\Office Admin\STUDENT DATABASE\All BACKUPS\CSN Student Database 2008-2017as of 6-6-17.xlsx",".xlsx","391480","3/22/2026 12:26:55 PM"
"30","C:\Users\mabro\Downloads\historical-student-data\Office Admin\STUDENT DATABASE\All BACKUPS\CSN Student Database 2008-2013 ver2.xlsx",".xlsx","391516","3/22/2026 12:26:55 PM"
"30","C:\Users\mabro\Downloads\historical-student-data\Office Admin\STUDENT DATABASE\All BACKUPS\CSN Potential Clients (2011-Current).xlsx",".xlsx","415085","3/22/2026 12:26:55 PM"
"30","C:\Users\mabro\Downloads\historical-student-data\Office Admin\STUDENT DATABASE\All BACKUPS\CSN Potential Clients (2011-Current) Back up 5-22-17.xlsx",".xlsx","411048","3/22/2026 12:26:55 PM"
"30","C:\Users\mabro\Downloads\historical-student-data\Office Admin\STUDENT DATABASE\Copy of CSN Potential Clients (2011-Current) as of 2-13-2019.xlsx",".xlsx","449959","3/22/2026 12:26:55 PM"
"30","C:\Users\mabro\Downloads\historical-student-data\Office Admin\STUDENT DATABASE\CSN Potential Clients (2011-Current) as of 9-3-19.xlsx",".xlsx","472779","3/22/2026 12:26:55 PM"
"30","C:\Users\mabro\Downloads\historical-student-data\Office Admin\STUDENT DATABASE\CSN Potential Clients (2011-Current) as of 11-13-18.xlsx",".xlsx","447707","3/22/2026 12:26:55 PM"
"30","C:\Users\mabro\Downloads\historical-student-data\Office Admin\HOW TO'S (STUDENTS_INSTRUCTORS)\HOW TO - ZOOM WEBINAR (INSTRUCTORS)\Office Admin\STUDENT DATABASE\All BACKUPS\Potential SQL-PMP Students Since 9-2016 to Current for 6-12-2017 Start Date.xlsx",".xlsx","39143","3/22/2026 12:26:52 PM"
"30","C:\Users\mabro\Downloads\historical-student-data\Office Admin\HOW TO'S (STUDENTS_INSTRUCTORS)\HOW TO - ZOOM WEBINAR (INSTRUCTORS)\Office Admin\STUDENT DATABASE\All BACKUPS\Potential Java-SQL Students Since 9-2016 to Current for 6-12-2017 Start Date.xlsx",".xlsx","19176","3/22/2026 12:26:52 PM"
"30","C:\Users\mabro\Downloads\historical-student-data\Office Admin\HOW TO'S (STUDENTS_INSTRUCTORS)\HOW TO - ZOOM WEBINAR (INSTRUCTORS)\Office Admin\STUDENT DATABASE\All BACKUPS\CSN Student Database Back Up.xlsx",".xlsx","28288","3/22/2026 12:26:52 PM"
"30","C:\Users\mabro\Downloads\historical-student-data\Office Admin\HOW TO'S (STUDENTS_INSTRUCTORS)\HOW TO - ZOOM WEBINAR (INSTRUCTORS)\Office Admin\STUDENT DATABASE\All BACKUPS\CSN Student Database 2008-2017as of 6-7-17 Sorted old to new.xlsx",".xlsx","390857","3/22/2026 12:26:52 PM"
"30","C:\Users\mabro\Downloads\historical-student-data\Office Admin\HOW TO'S (STUDENTS_INSTRUCTORS)\HOW TO - ZOOM WEBINAR (INSTRUCTORS)\Office Admin\STUDENT DATABASE\All BACKUPS\CSN Student Database 2008-2017as of 6-6-17.xlsx",".xlsx","391480","3/22/2026 12:26:52 PM"
"30","C:\Users\mabro\Downloads\historical-student-data\Office Admin\HOW TO'S (STUDENTS_INSTRUCTORS)\HOW TO - ZOOM WEBINAR (INSTRUCTORS)\Office Admin\STUDENT DATABASE\All BACKUPS\CSN Student Database 2008-2013 ver2.xlsx",".xlsx","391516","3/22/2026 12:26:52 PM"
"30","C:\Users\mabro\Downloads\historical-student-data\Office Admin\HOW TO'S (STUDENTS_INSTRUCTORS)\HOW TO - ZOOM WEBINAR (INSTRUCTORS)\Office Admin\STUDENT DATABASE\All BACKUPS\CSN Potential Clients (2011-Current).xlsx",".xlsx","415085","3/22/2026 12:26:52 PM"
"30","C:\Users\mabro\Downloads\historical-student-data\Office Admin\HOW TO'S (STUDENTS_INSTRUCTORS)\HOW TO - ZOOM WEBINAR (INSTRUCTORS)\Office Admin\STUDENT DATABASE\All BACKUPS\CSN Potential Clients (2011-Current) Back up 5-22-17.xlsx",".xlsx","411048","3/22/2026 12:26:52 PM"
"30","C:\Users\mabro\Downloads\historical-student-data\Office Admin\HOW TO'S (STUDENTS_INSTRUCTORS)\HOW TO - ZOOM WEBINAR (INSTRUCTORS)\Office Admin\STUDENT DATABASE\Copy of CSN Potential Clients (2011-Current) as of 2-13-2019.xlsx",".xlsx","449959","3/22/2026 12:26:52 PM"
"30","C:\Users\mabro\Downloads\historical-student-data\Office Admin\HOW TO'S (STUDENTS_INSTRUCTORS)\HOW TO - ZOOM WEBINAR (INSTRUCTORS)\Office Admin\STUDENT DATABASE\CSN Potential Clients (2011-Current) as of 9-3-19.xlsx",".xlsx","472779","3/22/2026 12:26:51 PM"
"30","C:\Users\mabro\Downloads\historical-student-data\Office Admin\HOW TO'S (STUDENTS_INSTRUCTORS)\HOW TO - ZOOM WEBINAR (INSTRUCTORS)\Office Admin\STUDENT DATABASE\CSN Potential Clients (2011-Current) as of 11-13-18.xlsx",".xlsx","447707","3/22/2026 12:26:51 PM"
"30","C:\Users\mabro\Downloads\historical-student-data\Office Admin\HOW TO'S (STUDENTS_INSTRUCTORS)\HOW TO - ZOOM WEBINAR (INSTRUCTORS)\Office Admin\Class Rosters 2019-2020\September's PMP Class Roster.xlsx",".xlsx","10425","3/22/2026 12:26:39 PM"
"30","C:\Users\mabro\Downloads\historical-student-data\Office Admin\HOW TO'S (STUDENTS_INSTRUCTORS)\HOW TO - ZOOM WEBINAR (INSTRUCTORS)\Office Admin\Class Rosters 2019-2020\PMP Class Roster Nov 12-Dec 19.xlsx",".xlsx","13067","3/22/2026 12:26:39 PM"
"30","C:\Users\mabro\Downloads\historical-student-data\Office Admin\HOW TO'S (STUDENTS_INSTRUCTORS)\HOW TO - ZOOM WEBINAR (INSTRUCTORS)\Office Admin\Class Rosters 2019-2020\PMP & SQL PMP Roster May 1 2019 to Current.xlsx",".xlsx","23551","3/22/2026 12:26:39 PM"
"30","C:\Users\mabro\Downloads\historical-student-data\Office Admin\HOW TO'S (STUDENTS_INSTRUCTORS)\HOW TO - ZOOM WEBINAR (INSTRUCTORS)\Office Admin\Class Rosters 2019-2020\PC Tech Roster.xlsx",".xlsx","11096","3/22/2026 12:26:39 PM"
"30","C:\Users\mabro\Downloads\historical-student-data\Office Admin\HOW TO'S (STUDENTS_INSTRUCTORS)\HOW TO - ZOOM WEBINAR (INSTRUCTORS)\Office Admin\Class Rosters 2019-2020\Oct 2019 SQL Roster.xlsx",".xlsx","12956","3/22/2026 12:26:39 PM"
"30","C:\Users\mabro\Downloads\historical-student-data\Office Admin\HOW TO'S (STUDENTS_INSTRUCTORS)\HOW TO - ZOOM WEBINAR (INSTRUCTORS)\Office Admin\Class Rosters 2019-2020\Nov PMP Class Roster.xlsx",".xlsx","11572","3/22/2026 12:26:39 PM"
"30","C:\Users\mabro\Downloads\historical-student-data\Office Admin\HOW TO'S (STUDENTS_INSTRUCTORS)\HOW TO - ZOOM WEBINAR (INSTRUCTORS)\Office Admin\Class Rosters 2019-2020\NoSQL Class Roster March 16 2020.xlsx",".xlsx","13489","3/22/2026 12:26:39 PM"
"30","C:\Users\mabro\Downloads\historical-student-data\Office Admin\HOW TO'S (STUDENTS_INSTRUCTORS)\HOW TO - ZOOM WEBINAR (INSTRUCTORS)\Office Admin\Class Rosters 2019-2020\MCSE MCSA Student Roster.xlsx",".xlsx","10412","3/22/2026 12:26:39 PM"
"30","C:\Users\mabro\Downloads\historical-student-data\Office Admin\HOW TO'S (STUDENTS_INSTRUCTORS)\HOW TO - ZOOM WEBINAR (INSTRUCTORS)\Office Admin\Class Rosters 2019-2020\MCSE MCSA Roster 2.xlsx",".xlsx","10139","3/22/2026 12:26:39 PM"
"30","C:\Users\mabro\Downloads\historical-student-data\Office Admin\HOW TO'S (STUDENTS_INSTRUCTORS)\HOW TO - ZOOM WEBINAR (INSTRUCTORS)\Office Admin\Class Rosters 2019-2020\January JAVA Class Roster.xlsx",".xlsx","11593","3/22/2026 12:26:39 PM"
"30","C:\Users\mabro\Downloads\historical-student-data\Office Admin\HOW TO'S (STUDENTS_INSTRUCTORS)\HOW TO - ZOOM WEBINAR (INSTRUCTORS)\Office Admin\Class Rosters 2019-2020\January 2020 PMP Roster.xlsx",".xlsx","12389","3/22/2026 12:26:39 PM"
"30","C:\Users\mabro\Downloads\historical-student-data\Office Admin\HOW TO'S (STUDENTS_INSTRUCTORS)\HOW TO - ZOOM WEBINAR (INSTRUCTORS)\Office Admin\Class Rosters 2019-2020\January 2020 JAVA Class Roster.xlsx",".xlsx","11006","3/22/2026 12:26:39 PM"
"30","C:\Users\mabro\Downloads\historical-student-data\Office Admin\HOW TO'S (STUDENTS_INSTRUCTORS)\HOW TO - ZOOM WEBINAR (INSTRUCTORS)\Office Admin\Class Rosters 2019-2020\January 2020 JAVA Class Roster-MB.xlsx",".xlsx","10031","3/22/2026 12:26:39 PM"
"30","C:\Users\mabro\Downloads\historical-student-data\Office Admin\HOW TO'S (STUDENTS_INSTRUCTORS)\HOW TO - ZOOM WEBINAR (INSTRUCTORS)\Office Admin\Class Rosters 2019-2020\January 2020 JAVA Class Roster (Autosaved).xlsx",".xlsx","10765","3/22/2026 12:26:38 PM"
"30","C:\Users\mabro\Downloads\historical-student-data\Office Admin\HOW TO'S (STUDENTS_INSTRUCTORS)\HOW TO - ZOOM WEBINAR (INSTRUCTORS)\Office Admin\CLASS LISTS\SQL Class List (NIGHT_2-6).xlsx",".xlsx","12062","3/22/2026 12:26:37 PM"
"30","C:\Users\mabro\Downloads\historical-student-data\Office Admin\HOW TO'S (STUDENTS_INSTRUCTORS)\HOW TO - ZOOM WEBINAR (INSTRUCTORS)\Office Admin\CLASS LISTS\SQL Class List (NIGHT_11-29).xlsx",".xlsx","11105","3/22/2026 12:26:37 PM"
"30","C:\Users\mabro\Downloads\historical-student-data\Office Admin\HOW TO'S (STUDENTS_INSTRUCTORS)\HOW TO - ZOOM WEBINAR (INSTRUCTORS)\Office Admin\CLASS LISTS\PMP Class List 9-19-17.xlsx",".xlsx","85054","3/22/2026 12:26:37 PM"
"30","C:\Users\mabro\Downloads\historical-student-data\Office Admin\HOW TO'S (STUDENTS_INSTRUCTORS)\HOW TO - ZOOM WEBINAR (INSTRUCTORS)\Office Admin\CLASS LISTS\PMP Class List (NIGHT_4-18).xlsx",".xlsx","13426","3/22/2026 12:26:37 PM"
"30","C:\Users\mabro\Downloads\historical-student-data\Office Admin\HOW TO'S (STUDENTS_INSTRUCTORS)\HOW TO - ZOOM WEBINAR (INSTRUCTORS)\Office Admin\CLASS LISTS\JAVA Class List (NIGHT_4-18).xlsx",".xlsx","11385","3/22/2026 12:26:37 PM"
"30","C:\Users\mabro\Downloads\historical-student-data\Office Admin\HOW TO'S (STUDENTS_INSTRUCTORS)\HOW TO - ZOOM WEBINAR (INSTRUCTORS)\Office Admin\CSN CONTACT LIST.xlsx",".xlsx","21663","3/22/2026 12:26:34 PM"
"30","C:\Users\mabro\Downloads\historical-student-data\Office Admin\Class Rosters 2019-2020\September's PMP Class Roster.xlsx",".xlsx","10425","3/22/2026 12:26:34 PM"
"30","C:\Users\mabro\Downloads\historical-student-data\Office Admin\Class Rosters 2019-2020\Potential Students January 2019 - Current.xlsx",".xlsx","44132","3/22/2026 12:26:33 PM"
"30","C:\Users\mabro\Downloads\historical-student-data\Office Admin\Class Rosters 2019-2020\PMP Class Roster Nov 12-Dec 19.xlsx",".xlsx","13067","3/22/2026 12:26:33 PM"
"30","C:\Users\mabro\Downloads\historical-student-data\Office Admin\Class Rosters 2019-2020\PMP & SQL PMP Roster May 1 2019 to Current.xlsx",".xlsx","23551","3/22/2026 12:26:33 PM"
"30","C:\Users\mabro\Downloads\historical-student-data\Office Admin\Class Rosters 2019-2020\PC Tech Roster.xlsx",".xlsx","11096","3/22/2026 12:26:33 PM"
"30","C:\Users\mabro\Downloads\historical-student-data\Office Admin\Class Rosters 2019-2020\Oct 2019 SQL Roster.xlsx",".xlsx","12956","3/22/2026 12:26:33 PM"
"30","C:\Users\mabro\Downloads\historical-student-data\Office Admin\Class Rosters 2019-2020\Nov PMP Class Roster.xlsx",".xlsx","11572","3/22/2026 12:26:33 PM"
"30","C:\Users\mabro\Downloads\historical-student-data\Office Admin\Class Rosters 2019-2020\NoSQL Class Roster March 16 2020.xlsx",".xlsx","13678","3/22/2026 12:26:33 PM"
"30","C:\Users\mabro\Downloads\historical-student-data\Office Admin\Class Rosters 2019-2020\MCSE MCSA Student Roster.xlsx",".xlsx","10412","3/22/2026 12:26:33 PM"
"30","C:\Users\mabro\Downloads\historical-student-data\Office Admin\Class Rosters 2019-2020\MCSE MCSA Roster 2.xlsx",".xlsx","10139","3/22/2026 12:26:33 PM"
"30","C:\Users\mabro\Downloads\historical-student-data\Office Admin\Class Rosters 2019-2020\January JAVA Class Roster.xlsx",".xlsx","11593","3/22/2026 12:26:33 PM"
"30","C:\Users\mabro\Downloads\historical-student-data\Office Admin\Class Rosters 2019-2020\January 2020 PMP Roster.xlsx",".xlsx","12389","3/22/2026 12:26:33 PM"
"30","C:\Users\mabro\Downloads\historical-student-data\Office Admin\Class Rosters 2019-2020\January 2020 JAVA Class Roster.xlsx",".xlsx","11006","3/22/2026 12:26:33 PM"
"30","C:\Users\mabro\Downloads\historical-student-data\Office Admin\Class Rosters 2019-2020\January 2020 JAVA Class Roster-MB.xlsx",".xlsx","10031","3/22/2026 12:26:33 PM"
"30","C:\Users\mabro\Downloads\historical-student-data\Office Admin\Class Rosters 2019-2020\January 2020 JAVA Class Roster (Autosaved).xlsx",".xlsx","10765","3/22/2026 12:26:33 PM"
"30","C:\Users\mabro\Downloads\historical-student-data\Office Admin\CLASS LISTS\SQL Class List (NIGHT_2-6).xlsx",".xlsx","12062","3/22/2026 12:26:32 PM"
"30","C:\Users\mabro\Downloads\historical-student-data\Office Admin\CLASS LISTS\SQL Class List (NIGHT_11-29).xlsx",".xlsx","11105","3/22/2026 12:26:32 PM"
"30","C:\Users\mabro\Downloads\historical-student-data\Office Admin\CLASS LISTS\PMP Class List 9-19-17.xlsx",".xlsx","85054","3/22/2026 12:26:32 PM"
"30","C:\Users\mabro\Downloads\historical-student-data\Office Admin\CLASS LISTS\PMP Class List (NIGHT_4-18).xlsx",".xlsx","13426","3/22/2026 12:26:32 PM"
"30","C:\Users\mabro\Downloads\historical-student-data\Office Admin\CLASS LISTS\JAVA Class List (NIGHT_4-18).xlsx",".xlsx","11385","3/22/2026 12:26:32 PM"
"30","C:\Users\mabro\Downloads\historical-student-data\Office Admin\CSN CONTACT LIST.xlsx",".xlsx","21663","3/22/2026 12:26:30 PM"
"30","C:\Users\mabro\Downloads\historical-student-data\Copy of CSN Potential Clients (2011-Current) as of 6-11-19.xlsx",".xlsx","450319","3/22/2026 12:26:28 PM"
"30","C:\Users\mabro\Downloads\historical-student-data\Enrolled Students 7-1-17-6-30-2019.xlsx",".xlsx","27778","3/22/2026 12:26:28 PM"
"30","C:\Users\mabro\Downloads\historical-student-data\Potential MCSA Students (Autosaved).xlsx",".xlsx","11838","3/22/2026 12:26:28 PM"
"30","C:\Users\mabro\Downloads\historical-student-data\Potential MCSA Students.xlsx",".xlsx","11817","3/22/2026 12:26:28 PM"
"20","C:\Users\mabro\Downloads\historical-student-data\Office Admin\TWC AUDIT\Student Folder Audit Checklist.xlsx",".xlsx","58506","3/22/2026 12:26:56 PM"
"20","C:\Users\mabro\Downloads\historical-student-data\Office Admin\TWC AUDIT\Student Folder Audit Checklist - Updated 8-21-17.xlsx",".xlsx","58511","3/22/2026 12:26:56 PM"
"20","C:\Users\mabro\Downloads\historical-student-data\Office Admin\TWC AUDIT\Student Attendance Sign-in Sheet.xlsx",".xlsx","54942","3/22/2026 12:26:56 PM"
"20","C:\Users\mabro\Downloads\historical-student-data\Office Admin\TWC AUDIT\Audit (2017).xlsx",".xlsx","14276","3/22/2026 12:26:56 PM"
"20","C:\Users\mabro\Downloads\historical-student-data\Office Admin\STUDENT BINDERS\STUDENT ATTENDANCE SHEETS\CSN ATTENDANCE SHEETS\CSN Attendance Sheet (SQL_PMP).xlsx",".xlsx","65257","3/22/2026 12:26:54 PM"
"20","C:\Users\mabro\Downloads\historical-student-data\Office Admin\STUDENT BINDERS\STUDENT ATTENDANCE SHEETS\CSN ATTENDANCE SHEETS\CSN Attendance Sheet (PMP).xlsx",".xlsx","65340","3/22/2026 12:26:54 PM"
"20","C:\Users\mabro\Downloads\historical-student-data\Office Admin\STUDENT BINDERS\STUDENT ATTENDANCE SHEETS\CSN ATTENDANCE SHEETS\CSN Attendance Sheet (MOS_CAPM).xlsx",".xlsx","65310","3/22/2026 12:26:54 PM"
"20","C:\Users\mabro\Downloads\historical-student-data\Office Admin\STUDENT BINDERS\STUDENT ATTENDANCE SHEETS\CSN ATTENDANCE SHEETS\CSN Attendance Sheet (MCITP).xlsx",".xlsx","65527","3/22/2026 12:26:54 PM"
"20","C:\Users\mabro\Downloads\historical-student-data\Office Admin\STUDENT BINDERS\STUDENT ATTENDANCE SHEETS\CSN ATTENDANCE SHEETS\CSN Attendance Sheet (JAVA_SQL).xlsx",".xlsx","65054","3/22/2026 12:26:54 PM"
"20","C:\Users\mabro\Downloads\historical-student-data\Office Admin\STUDENT BINDERS\STUDENT ATTENDANCE SHEETS\CSN ATTENDANCE SHEETS\CSN Attendance Sheet (IMDBOS).xlsx",".xlsx","65187","3/22/2026 12:26:54 PM"
"20","C:\Users\mabro\Downloads\historical-student-data\Office Admin\STUDENT BINDERS\STUDENT ATTENDANCE SHEETS\CSN ATTENDANCE SHEETS\CSN Attendance Sheet (CCNA).xlsx",".xlsx","65322","3/22/2026 12:26:54 PM"
"20","C:\Users\mabro\Downloads\historical-student-data\Office Admin\HOW TO'S (STUDENTS_INSTRUCTORS)\HOW TO - ZOOM WEBINAR (INSTRUCTORS)\Office Admin\TWC AUDIT\Student Folder Audit Checklist.xlsx",".xlsx","58506","3/22/2026 12:26:52 PM"
"20","C:\Users\mabro\Downloads\historical-student-data\Office Admin\HOW TO'S (STUDENTS_INSTRUCTORS)\HOW TO - ZOOM WEBINAR (INSTRUCTORS)\Office Admin\TWC AUDIT\Student Folder Audit Checklist - Updated 8-21-17.xlsx",".xlsx","58511","3/22/2026 12:26:52 PM"
"20","C:\Users\mabro\Downloads\historical-student-data\Office Admin\HOW TO'S (STUDENTS_INSTRUCTORS)\HOW TO - ZOOM WEBINAR (INSTRUCTORS)\Office Admin\TWC AUDIT\Student Attendance Sign-in Sheet.xlsx",".xlsx","54942","3/22/2026 12:26:52 PM"
"20","C:\Users\mabro\Downloads\historical-student-data\Office Admin\HOW TO'S (STUDENTS_INSTRUCTORS)\HOW TO - ZOOM WEBINAR (INSTRUCTORS)\Office Admin\TWC AUDIT\Audit (2017).xlsx",".xlsx","14276","3/22/2026 12:26:52 PM"
"20","C:\Users\mabro\Downloads\historical-student-data\Office Admin\HOW TO'S (STUDENTS_INSTRUCTORS)\HOW TO - ZOOM WEBINAR (INSTRUCTORS)\Office Admin\STUDENT BINDERS\STUDENT ATTENDANCE SHEETS\CSN ATTENDANCE SHEETS\CSN Attendance Sheet (SQL_PMP).xlsx",".xlsx","65257","3/22/2026 12:26:51 PM"
"20","C:\Users\mabro\Downloads\historical-student-data\Office Admin\HOW TO'S (STUDENTS_INSTRUCTORS)\HOW TO - ZOOM WEBINAR (INSTRUCTORS)\Office Admin\STUDENT BINDERS\STUDENT ATTENDANCE SHEETS\CSN ATTENDANCE SHEETS\CSN Attendance Sheet (PMP).xlsx",".xlsx","65340","3/22/2026 12:26:51 PM"
"20","C:\Users\mabro\Downloads\historical-student-data\Office Admin\HOW TO'S (STUDENTS_INSTRUCTORS)\HOW TO - ZOOM WEBINAR (INSTRUCTORS)\Office Admin\STUDENT BINDERS\STUDENT ATTENDANCE SHEETS\CSN ATTENDANCE SHEETS\CSN Attendance Sheet (MOS_CAPM).xlsx",".xlsx","65211","3/22/2026 12:26:51 PM"
"20","C:\Users\mabro\Downloads\historical-student-data\Office Admin\HOW TO'S (STUDENTS_INSTRUCTORS)\HOW TO - ZOOM WEBINAR (INSTRUCTORS)\Office Admin\STUDENT BINDERS\STUDENT ATTENDANCE SHEETS\CSN ATTENDANCE SHEETS\CSN Attendance Sheet (MCITP).xlsx",".xlsx","65527","3/22/2026 12:26:51 PM"
"20","C:\Users\mabro\Downloads\historical-student-data\Office Admin\HOW TO'S (STUDENTS_INSTRUCTORS)\HOW TO - ZOOM WEBINAR (INSTRUCTORS)\Office Admin\STUDENT BINDERS\STUDENT ATTENDANCE SHEETS\CSN ATTENDANCE SHEETS\CSN Attendance Sheet (JAVA_SQL).xlsx",".xlsx","65054","3/22/2026 12:26:51 PM"
"20","C:\Users\mabro\Downloads\historical-student-data\Office Admin\HOW TO'S (STUDENTS_INSTRUCTORS)\HOW TO - ZOOM WEBINAR (INSTRUCTORS)\Office Admin\STUDENT BINDERS\STUDENT ATTENDANCE SHEETS\CSN ATTENDANCE SHEETS\CSN Attendance Sheet (IMDBOS).xlsx",".xlsx","65187","3/22/2026 12:26:51 PM"
"20","C:\Users\mabro\Downloads\historical-student-data\Office Admin\HOW TO'S (STUDENTS_INSTRUCTORS)\HOW TO - ZOOM WEBINAR (INSTRUCTORS)\Office Admin\STUDENT BINDERS\STUDENT ATTENDANCE SHEETS\CSN ATTENDANCE SHEETS\CSN Attendance Sheet (CCNA).xlsx",".xlsx","65322","3/22/2026 12:26:51 PM"
"20","C:\Users\mabro\Downloads\historical-student-data\Office Admin\HOW TO'S (STUDENTS_INSTRUCTORS)\HOW TO - ZOOM WEBINAR (INSTRUCTORS)\Office Admin\GRADE REPORTS\Copy of CSN GRADE REPORT (SQL_PMP).xlsx",".xlsx","60823","3/22/2026 12:26:39 PM"
"20","C:\Users\mabro\Downloads\historical-student-data\Office Admin\HOW TO'S (STUDENTS_INSTRUCTORS)\HOW TO - ZOOM WEBINAR (INSTRUCTORS)\Office Admin\GRADE REPORTS\CSN GRADE REPORT (SQL_PMP).xlsx",".xlsx","61137","3/22/2026 12:26:39 PM"
"20","C:\Users\mabro\Downloads\historical-student-data\Office Admin\HOW TO'S (STUDENTS_INSTRUCTORS)\HOW TO - ZOOM WEBINAR (INSTRUCTORS)\Office Admin\GRADE REPORTS\CSN GRADE REPORT (PMP).xlsx",".xlsx","60676","3/22/2026 12:26:39 PM"
"20","C:\Users\mabro\Downloads\historical-student-data\Office Admin\HOW TO'S (STUDENTS_INSTRUCTORS)\HOW TO - ZOOM WEBINAR (INSTRUCTORS)\Office Admin\GRADE REPORTS\CSN GRADE REPORT (MOS_CAPM).xlsx",".xlsx","60796","3/22/2026 12:26:39 PM"
"20","C:\Users\mabro\Downloads\historical-student-data\Office Admin\HOW TO'S (STUDENTS_INSTRUCTORS)\HOW TO - ZOOM WEBINAR (INSTRUCTORS)\Office Admin\GRADE REPORTS\CSN GRADE REPORT (MCITP).xlsx",".xlsx","60549","3/22/2026 12:26:39 PM"
"20","C:\Users\mabro\Downloads\historical-student-data\Office Admin\HOW TO'S (STUDENTS_INSTRUCTORS)\HOW TO - ZOOM WEBINAR (INSTRUCTORS)\Office Admin\GRADE REPORTS\CSN GRADE REPORT (MBC).xlsx",".xlsx","67357","3/22/2026 12:26:39 PM"
"20","C:\Users\mabro\Downloads\historical-student-data\Office Admin\HOW TO'S (STUDENTS_INSTRUCTORS)\HOW TO - ZOOM WEBINAR (INSTRUCTORS)\Office Admin\GRADE REPORTS\CSN GRADE REPORT (JAVA_SQL).xlsx",".xlsx","68110","3/22/2026 12:26:39 PM"
"20","C:\Users\mabro\Downloads\historical-student-data\Office Admin\HOW TO'S (STUDENTS_INSTRUCTORS)\HOW TO - ZOOM WEBINAR (INSTRUCTORS)\Office Admin\GRADE REPORTS\CSN GRADE REPORT (IMDBOS).xlsx",".xlsx","67459","3/22/2026 12:26:39 PM"
"20","C:\Users\mabro\Downloads\historical-student-data\Office Admin\HOW TO'S (STUDENTS_INSTRUCTORS)\HOW TO - ZOOM WEBINAR (INSTRUCTORS)\Office Admin\GRADE REPORTS\CSN GRADE REPORT (CSS).xlsx",".xlsx","59985","3/22/2026 12:26:39 PM"
"20","C:\Users\mabro\Downloads\historical-student-data\Office Admin\GRADE REPORTS\Copy of CSN GRADE REPORT (SQL_PMP).xlsx",".xlsx","60823","3/22/2026 12:26:34 PM"
"20","C:\Users\mabro\Downloads\historical-student-data\Office Admin\GRADE REPORTS\CSN GRADE REPORT (SQL_PMP).xlsx",".xlsx","61137","3/22/2026 12:26:34 PM"
"20","C:\Users\mabro\Downloads\historical-student-data\Office Admin\GRADE REPORTS\CSN GRADE REPORT (PMP).xlsx",".xlsx","60676","3/22/2026 12:26:34 PM"
"20","C:\Users\mabro\Downloads\historical-student-data\Office Admin\GRADE REPORTS\CSN GRADE REPORT (MOS_CAPM).xlsx",".xlsx","60796","3/22/2026 12:26:34 PM"
"20","C:\Users\mabro\Downloads\historical-student-data\Office Admin\GRADE REPORTS\CSN GRADE REPORT (MCITP).xlsx",".xlsx","60549","3/22/2026 12:26:34 PM"
"20","C:\Users\mabro\Downloads\historical-student-data\Office Admin\GRADE REPORTS\CSN GRADE REPORT (MBC).xlsx",".xlsx","67357","3/22/2026 12:26:34 PM"
"20","C:\Users\mabro\Downloads\historical-student-data\Office Admin\GRADE REPORTS\CSN GRADE REPORT (JAVA_SQL).xlsx",".xlsx","68110","3/22/2026 12:26:34 PM"
"20","C:\Users\mabro\Downloads\historical-student-data\Office Admin\GRADE REPORTS\CSN GRADE REPORT (IMDBOS).xlsx",".xlsx","67806","3/22/2026 12:26:34 PM"
"20","C:\Users\mabro\Downloads\historical-student-data\Training Attendance Log.xls",".xls","60416","3/22/2026 12:26:28 PM"
"20","C:\Users\mabro\Downloads\historical-student-data\CSN 2018 Completers Survey-Updated\Copy of 1-SQLPMP Completer Survey 2018-Updated.xlsx",".xlsx","17901","3/22/2026 12:26:28 PM"
"20","C:\Users\mabro\Downloads\historical-student-data\CSN 2018 Completers Survey-Updated\7-Web Com Manager Completer Survey 2018.xlsx",".xlsx","37156","3/22/2026 12:26:28 PM"
"20","C:\Users\mabro\Downloads\historical-student-data\CSN 2018 Completers Survey-Updated\7-Web Com Manager Completer Survey 2018-Updated.xlsx",".xlsx","9426","3/22/2026 12:26:28 PM"
"20","C:\Users\mabro\Downloads\historical-student-data\CSN 2018 Completers Survey-Updated\6-IMDBOS Completer Survey 2018.xlsx",".xlsx","38570","3/22/2026 12:26:28 PM"
"20","C:\Users\mabro\Downloads\historical-student-data\CSN 2018 Completers Survey-Updated\6-IMDBOS Completer Survey 2018-Updated.xlsx",".xlsx","10401","3/22/2026 12:26:28 PM"
"20","C:\Users\mabro\Downloads\historical-student-data\CSN 2018 Completers Survey-Updated\5-MOSCAPM Completer Survey 2018.xlsx",".xlsx","44935","3/22/2026 12:26:28 PM"
"20","C:\Users\mabro\Downloads\historical-student-data\CSN 2018 Completers Survey-Updated\5-MOSCAPM Completer Survey 2018-Updated.xlsx",".xlsx","9937","3/22/2026 12:26:28 PM"
"20","C:\Users\mabro\Downloads\historical-student-data\CSN 2018 Completers Survey-Updated\4-MCITP Completer Survey 2018.xlsx",".xlsx","45640","3/22/2026 12:26:28 PM"
"20","C:\Users\mabro\Downloads\historical-student-data\CSN 2018 Completers Survey-Updated\4-MCITP Completer Survey 2018-Updated.xlsx",".xlsx","10571","3/22/2026 12:26:28 PM"
"20","C:\Users\mabro\Downloads\historical-student-data\CSN 2018 Completers Survey-Updated\3-JAVASQL Completer Survey 2018.xlsx",".xlsx","62078","3/22/2026 12:26:28 PM"
"20","C:\Users\mabro\Downloads\historical-student-data\CSN 2018 Completers Survey-Updated\3-JAVASQL Completer Survey 2018-Updated.xlsx",".xlsx","10538","3/22/2026 12:26:28 PM"
"20","C:\Users\mabro\Downloads\historical-student-data\CSN 2018 Completers Survey-Updated\2-PMP Completer Survey 2018.xlsx",".xlsx","45173","3/22/2026 12:26:28 PM"
"20","C:\Users\mabro\Downloads\historical-student-data\CSN 2018 Completers Survey-Updated\2-PMP Completer Survey 2018-Updated.xlsx",".xlsx","10356","3/22/2026 12:26:28 PM"
"20","C:\Users\mabro\Downloads\historical-student-data\CSN 2018 Completers Survey-Updated\1-SQLPMP Completer Survey 2018.xlsx",".xlsx","67922","3/22/2026 12:26:28 PM"
"0","C:\Users\mabro\Downloads\historical-student-data\Office Admin\TWC AUDIT\CSN's 2012 Inventory List.xlsx",".xlsx","61219","3/22/2026 12:26:56 PM"
"0","C:\Users\mabro\Downloads\historical-student-data\Office Admin\TEST ITERATION SHEETS\SQL\CSN SQL Fundamentals Test Iterations.xlsx",".xlsx","34367","3/22/2026 12:26:55 PM"
"0","C:\Users\mabro\Downloads\historical-student-data\Office Admin\TEST ITERATION SHEETS\SQL\CSN SQL Expert Test Iterations.xlsx",".xlsx","34527","3/22/2026 12:26:55 PM"
"0","C:\Users\mabro\Downloads\historical-student-data\Office Admin\TEST ITERATION SHEETS\PMP\CSN PMP Test Iterations.xlsx",".xlsx","36569","3/22/2026 12:26:55 PM"
"0","C:\Users\mabro\Downloads\historical-student-data\Office Admin\TEST ITERATION SHEETS\MOS\CSN MS Word Test Iterations.xlsx",".xlsx","34581","3/22/2026 12:26:55 PM"
"0","C:\Users\mabro\Downloads\historical-student-data\Office Admin\TEST ITERATION SHEETS\MOS\CSN MS PowerPoint Test Iterations.xlsx",".xlsx","34612","3/22/2026 12:26:55 PM"
"0","C:\Users\mabro\Downloads\historical-student-data\Office Admin\TEST ITERATION SHEETS\MOS\CSN MS Excel Test Iterations.xlsx",".xlsx","34604","3/22/2026 12:26:55 PM"
"0","C:\Users\mabro\Downloads\historical-student-data\Office Admin\TEST ITERATION SHEETS\MCITP\Subcategory Tracker Form (Comp TIA A+220-801).xlsx",".xlsx","11038","3/22/2026 12:26:55 PM"
"0","C:\Users\mabro\Downloads\historical-student-data\Office Admin\TEST ITERATION SHEETS\MCITP\CSN A+ (220-802) Test Iterations.xlsx",".xlsx","34622","3/22/2026 12:26:55 PM"
"0","C:\Users\mabro\Downloads\historical-student-data\Office Admin\TEST ITERATION SHEETS\MCITP\CSN A+ (220-801) Test Iterations.xlsx",".xlsx","34466","3/22/2026 12:26:55 PM"
"0","C:\Users\mabro\Downloads\historical-student-data\Office Admin\TEST ITERATION SHEETS\CSS\CSN A+ (220-802) Test Iterations.xlsx",".xlsx","34622","3/22/2026 12:26:55 PM"
"0","C:\Users\mabro\Downloads\historical-student-data\Office Admin\TEST ITERATION SHEETS\CSS\CSN A+ (220-801) Test Iterations.xlsx",".xlsx","34466","3/22/2026 12:26:55 PM"
"0","C:\Users\mabro\Downloads\historical-student-data\Office Admin\TEST ITERATION SHEETS\CAPM\CSN PMP Test Iterations.xlsx",".xlsx","35888","3/22/2026 12:26:55 PM"
"0","C:\Users\mabro\Downloads\historical-student-data\Office Admin\STUDENT DATABASE\All BACKUPS\March to August 2018 Starting Students.xlsx",".xlsx","13533","3/22/2026 12:26:55 PM"
"0","C:\Users\mabro\Downloads\historical-student-data\Office Admin\STUDENT BINDERS\PMP_CAPM\PMP Process Chart.xlsx",".xlsx","12673","3/22/2026 12:26:54 PM"
"0","C:\Users\mabro\Downloads\historical-student-data\Office Admin\STUDENT BINDERS\PMP_CAPM\PMBOK 47 Process Blank Chart with shading 20150915_v2.0.xls.xlsx",".xlsx","19767","3/22/2026 12:26:54 PM"
"0","C:\Users\mabro\Downloads\historical-student-data\Office Admin\PROCTORED EXAMS\PMP\PMP Test Answer Sheet.xlsx",".xlsx","32948","3/22/2026 12:26:54 PM"
"0","C:\Users\mabro\Downloads\historical-student-data\Office Admin\PROCTORED EXAMS\JAVA\JAVA SE7 Programmer 1&2 Proctored Exam.xlsx",".xlsx","21240","3/22/2026 12:26:54 PM"
"0","C:\Users\mabro\Downloads\historical-student-data\Office Admin\PROCTORED EXAMS\CAPM\CAPM Test Answer Sheet.xlsx",".xlsx","32948","3/22/2026 12:26:54 PM"
"0","C:\Users\mabro\Downloads\historical-student-data\Office Admin\PROCTORED EXAMS\Proctored Exam Iteration Check List.xlsx",".xlsx","14077","3/22/2026 12:26:54 PM"
"0","C:\Users\mabro\Downloads\historical-student-data\Office Admin\HOW TO'S (STUDENTS_INSTRUCTORS)\HOW TO - ZOOM WEBINAR (INSTRUCTORS)\Office Admin\TWC AUDIT\CSN's 2012 Inventory List.xlsx",".xlsx","61219","3/22/2026 12:26:52 PM"
"0","C:\Users\mabro\Downloads\historical-student-data\Office Admin\HOW TO'S (STUDENTS_INSTRUCTORS)\HOW TO - ZOOM WEBINAR (INSTRUCTORS)\Office Admin\TEST ITERATION SHEETS\SQL\CSN SQL Fundamentals Test Iterations.xlsx",".xlsx","34367","3/22/2026 12:26:52 PM"
"0","C:\Users\mabro\Downloads\historical-student-data\Office Admin\HOW TO'S (STUDENTS_INSTRUCTORS)\HOW TO - ZOOM WEBINAR (INSTRUCTORS)\Office Admin\TEST ITERATION SHEETS\SQL\CSN SQL Expert Test Iterations.xlsx",".xlsx","34527","3/22/2026 12:26:52 PM"
"0","C:\Users\mabro\Downloads\historical-student-data\Office Admin\HOW TO'S (STUDENTS_INSTRUCTORS)\HOW TO - ZOOM WEBINAR (INSTRUCTORS)\Office Admin\TEST ITERATION SHEETS\PMP\CSN PMP Test Iterations.xlsx",".xlsx","36569","3/22/2026 12:26:52 PM"
"0","C:\Users\mabro\Downloads\historical-student-data\Office Admin\HOW TO'S (STUDENTS_INSTRUCTORS)\HOW TO - ZOOM WEBINAR (INSTRUCTORS)\Office Admin\TEST ITERATION SHEETS\MOS\CSN MS Word Test Iterations.xlsx",".xlsx","34581","3/22/2026 12:26:52 PM"
"0","C:\Users\mabro\Downloads\historical-student-data\Office Admin\HOW TO'S (STUDENTS_INSTRUCTORS)\HOW TO - ZOOM WEBINAR (INSTRUCTORS)\Office Admin\TEST ITERATION SHEETS\MOS\CSN MS PowerPoint Test Iterations.xlsx",".xlsx","34612","3/22/2026 12:26:52 PM"
"0","C:\Users\mabro\Downloads\historical-student-data\Office Admin\HOW TO'S (STUDENTS_INSTRUCTORS)\HOW TO - ZOOM WEBINAR (INSTRUCTORS)\Office Admin\TEST ITERATION SHEETS\MOS\CSN MS Excel Test Iterations.xlsx",".xlsx","34604","3/22/2026 12:26:52 PM"
"0","C:\Users\mabro\Downloads\historical-student-data\Office Admin\HOW TO'S (STUDENTS_INSTRUCTORS)\HOW TO - ZOOM WEBINAR (INSTRUCTORS)\Office Admin\TEST ITERATION SHEETS\MCITP\Subcategory Tracker Form (Comp TIA A+220-801).xlsx",".xlsx","11038","3/22/2026 12:26:52 PM"
"0","C:\Users\mabro\Downloads\historical-student-data\Office Admin\HOW TO'S (STUDENTS_INSTRUCTORS)\HOW TO - ZOOM WEBINAR (INSTRUCTORS)\Office Admin\TEST ITERATION SHEETS\MCITP\CSN A+ (220-802) Test Iterations.xlsx",".xlsx","34622","3/22/2026 12:26:52 PM"
"0","C:\Users\mabro\Downloads\historical-student-data\Office Admin\HOW TO'S (STUDENTS_INSTRUCTORS)\HOW TO - ZOOM WEBINAR (INSTRUCTORS)\Office Admin\TEST ITERATION SHEETS\MCITP\CSN A+ (220-801) Test Iterations.xlsx",".xlsx","34466","3/22/2026 12:26:52 PM"
"0","C:\Users\mabro\Downloads\historical-student-data\Office Admin\HOW TO'S (STUDENTS_INSTRUCTORS)\HOW TO - ZOOM WEBINAR (INSTRUCTORS)\Office Admin\TEST ITERATION SHEETS\CSS\CSN A+ (220-802) Test Iterations.xlsx",".xlsx","34622","3/22/2026 12:26:52 PM"
"0","C:\Users\mabro\Downloads\historical-student-data\Office Admin\HOW TO'S (STUDENTS_INSTRUCTORS)\HOW TO - ZOOM WEBINAR (INSTRUCTORS)\Office Admin\TEST ITERATION SHEETS\CSS\CSN A+ (220-801) Test Iterations.xlsx",".xlsx","34466","3/22/2026 12:26:52 PM"
"0","C:\Users\mabro\Downloads\historical-student-data\Office Admin\HOW TO'S (STUDENTS_INSTRUCTORS)\HOW TO - ZOOM WEBINAR (INSTRUCTORS)\Office Admin\TEST ITERATION SHEETS\CAPM\CSN PMP Test Iterations.xlsx",".xlsx","35888","3/22/2026 12:26:52 PM"
"0","C:\Users\mabro\Downloads\historical-student-data\Office Admin\HOW TO'S (STUDENTS_INSTRUCTORS)\HOW TO - ZOOM WEBINAR (INSTRUCTORS)\Office Admin\STUDENT DATABASE\All BACKUPS\March to August 2018 Starting Students.xlsx",".xlsx","13533","3/22/2026 12:26:52 PM"
"0","C:\Users\mabro\Downloads\historical-student-data\Office Admin\HOW TO'S (STUDENTS_INSTRUCTORS)\HOW TO - ZOOM WEBINAR (INSTRUCTORS)\Office Admin\STUDENT BINDERS\PMP_CAPM\PMP Process Chart.xlsx",".xlsx","12673","3/22/2026 12:26:51 PM"
"0","C:\Users\mabro\Downloads\historical-student-data\Office Admin\HOW TO'S (STUDENTS_INSTRUCTORS)\HOW TO - ZOOM WEBINAR (INSTRUCTORS)\Office Admin\STUDENT BINDERS\PMP_CAPM\PMBOK 47 Process Blank Chart with shading 20150915_v2.0.xls.xlsx",".xlsx","19767","3/22/2026 12:26:51 PM"
"0","C:\Users\mabro\Downloads\historical-student-data\Office Admin\HOW TO'S (STUDENTS_INSTRUCTORS)\HOW TO - ZOOM WEBINAR (INSTRUCTORS)\Office Admin\PROCTORED EXAMS\PMP\PMP Test Answer Sheet.xlsx",".xlsx","32948","3/22/2026 12:26:51 PM"
"0","C:\Users\mabro\Downloads\historical-student-data\Office Admin\HOW TO'S (STUDENTS_INSTRUCTORS)\HOW TO - ZOOM WEBINAR (INSTRUCTORS)\Office Admin\PROCTORED EXAMS\JAVA\JAVA SE7 Programmer 1&2 Proctored Exam.xlsx",".xlsx","21240","3/22/2026 12:26:51 PM"
"0","C:\Users\mabro\Downloads\historical-student-data\Office Admin\HOW TO'S (STUDENTS_INSTRUCTORS)\HOW TO - ZOOM WEBINAR (INSTRUCTORS)\Office Admin\PROCTORED EXAMS\CAPM\CAPM Test Answer Sheet.xlsx",".xlsx","32948","3/22/2026 12:26:51 PM"
"0","C:\Users\mabro\Downloads\historical-student-data\Office Admin\HOW TO'S (STUDENTS_INSTRUCTORS)\HOW TO - ZOOM WEBINAR (INSTRUCTORS)\Office Admin\PROCTORED EXAMS\Proctored Exam Iteration Check List.xlsx",".xlsx","14077","3/22/2026 12:26:51 PM"
"0","C:\Users\mabro\Downloads\historical-student-data\Office Admin\HOW TO'S (STUDENTS_INSTRUCTORS)\HOW TO - ZOOM WEBINAR (INSTRUCTORS)\Office Admin\GRADE REPORTS\CSN ASSESSMENT REPORT (SQL_PMP).xlsx",".xlsx","61146","3/22/2026 12:26:39 PM"
"0","C:\Users\mabro\Downloads\historical-student-data\Office Admin\HOW TO'S (STUDENTS_INSTRUCTORS)\HOW TO - ZOOM WEBINAR (INSTRUCTORS)\Office Admin\Class Rosters 2019-2020\SQL PMP Class 6-18-19.xlsx",".xlsx","13458","3/22/2026 12:26:39 PM"
"0","C:\Users\mabro\Downloads\historical-student-data\Office Admin\HOW TO'S (STUDENTS_INSTRUCTORS)\HOW TO - ZOOM WEBINAR (INSTRUCTORS)\Office Admin\Class Rosters 2019-2020\Oct SQL Students.xlsx",".xlsx","10534","3/22/2026 12:26:39 PM"
"0","C:\Users\mabro\Downloads\historical-student-data\Office Admin\HOW TO'S (STUDENTS_INSTRUCTORS)\HOW TO - ZOOM WEBINAR (INSTRUCTORS)\Office Admin\Class Rosters 2019-2020\Oct SQL Students Updated.xlsx",".xlsx","12610","3/22/2026 12:26:39 PM"
"0","C:\Users\mabro\Downloads\historical-student-data\Office Admin\HOW TO'S (STUDENTS_INSTRUCTORS)\HOW TO - ZOOM WEBINAR (INSTRUCTORS)\Office Admin\Class Rosters 2019-2020\MOS CSR Students.xlsx",".xlsx","10776","3/22/2026 12:26:39 PM"
"0","C:\Users\mabro\Downloads\historical-student-data\Office Admin\HOW TO'S (STUDENTS_INSTRUCTORS)\HOW TO - ZOOM WEBINAR (INSTRUCTORS)\Office Admin\Class Rosters 2019-2020\MOS CSR CAPM Students.xlsx",".xlsx","13047","3/22/2026 12:26:39 PM"
"0","C:\Users\mabro\Downloads\historical-student-data\Office Admin\HOW TO'S (STUDENTS_INSTRUCTORS)\HOW TO - ZOOM WEBINAR (INSTRUCTORS)\Office Admin\Class Rosters 2019-2020\MOS CAPM March 23 2020.xlsx",".xlsx","10786","3/22/2026 12:26:39 PM"
"0","C:\Users\mabro\Downloads\historical-student-data\Office Admin\HOW TO'S (STUDENTS_INSTRUCTORS)\HOW TO - ZOOM WEBINAR (INSTRUCTORS)\Office Admin\Class Rosters 2019-2020\JAVA Students.xlsx",".xlsx","11350","3/22/2026 12:26:38 PM"
"0","C:\Users\mabro\Downloads\historical-student-data\Office Admin\HOW TO'S (STUDENTS_INSTRUCTORS)\HOW TO - ZOOM WEBINAR (INSTRUCTORS)\Office Admin\Class Rosters 2019-2020\A+ Students.xlsx",".xlsx","9182","3/22/2026 12:26:38 PM"
"0","C:\Users\mabro\Downloads\historical-student-data\Office Admin\HOW TO'S (STUDENTS_INSTRUCTORS)\HOW TO - ZOOM WEBINAR (INSTRUCTORS)\Office Admin\CSN PROGRAMS\CREDIT CARD PAYMENT AUTHORIZATION\Credit Card Payment Authorization Form.xlsx",".xlsx","58669","3/22/2026 12:26:38 PM"
"0","C:\Users\mabro\Downloads\historical-student-data\Office Admin\HOW TO'S (STUDENTS_INSTRUCTORS)\HOW TO - ZOOM WEBINAR (INSTRUCTORS)\Office Admin\CLASS LISTS\Upcoming Student List.xlsx",".xlsx","61813","3/22/2026 12:26:37 PM"
"0","C:\Users\mabro\Downloads\historical-student-data\Office Admin\HOW TO'S (STUDENTS_INSTRUCTORS)\HOW TO - ZOOM WEBINAR (INSTRUCTORS)\Office Admin\BROCHURES & FLYERS & BUSINESS CARDS\Appointment Sheets Update (GW).xlsx",".xlsx","16607","3/22/2026 12:26:35 PM"
"0","C:\Users\mabro\Downloads\historical-student-data\Office Admin\HOW TO'S (STUDENTS_INSTRUCTORS)\HOW TO - ZOOM WEBINAR (INSTRUCTORS)\Office Admin\BROCHURES & FLYERS & BUSINESS CARDS\Appointment Sheets Update (8_30_16).xlsx",".xlsx","16223","3/22/2026 12:26:35 PM"
"0","C:\Users\mabro\Downloads\historical-student-data\Office Admin\GRADE REPORTS\CSN ASSESSMENT REPORT (SQL_PMP).xlsx",".xlsx","61146","3/22/2026 12:26:34 PM"
"0","C:\Users\mabro\Downloads\historical-student-data\Office Admin\Class Rosters 2019-2020\SQL PMP Class 6-18-19.xlsx",".xlsx","13458","3/22/2026 12:26:34 PM"
"0","C:\Users\mabro\Downloads\historical-student-data\Office Admin\Class Rosters 2019-2020\Oct SQL Students.xlsx",".xlsx","10534","3/22/2026 12:26:33 PM"
"0","C:\Users\mabro\Downloads\historical-student-data\Office Admin\Class Rosters 2019-2020\Oct SQL Students Updated.xlsx",".xlsx","12610","3/22/2026 12:26:33 PM"
"0","C:\Users\mabro\Downloads\historical-student-data\Office Admin\Class Rosters 2019-2020\MOS CSR Students.xlsx",".xlsx","10776","3/22/2026 12:26:33 PM"
"0","C:\Users\mabro\Downloads\historical-student-data\Office Admin\Class Rosters 2019-2020\MOS CSR CAPM Students.xlsx",".xlsx","13047","3/22/2026 12:26:33 PM"
"0","C:\Users\mabro\Downloads\historical-student-data\Office Admin\Class Rosters 2019-2020\MOS CAPM March 23 2020.xlsx",".xlsx","11841","3/22/2026 12:26:33 PM"
"0","C:\Users\mabro\Downloads\historical-student-data\Office Admin\Class Rosters 2019-2020\JAVA Students.xlsx",".xlsx","11350","3/22/2026 12:26:33 PM"
"0","C:\Users\mabro\Downloads\historical-student-data\Office Admin\Class Rosters 2019-2020\A+ Students.xlsx",".xlsx","9182","3/22/2026 12:26:33 PM"
"0","C:\Users\mabro\Downloads\historical-student-data\Office Admin\CSN PROGRAMS\CREDIT CARD PAYMENT AUTHORIZATION\Credit Card Payment Authorization Form.xlsx",".xlsx","58669","3/22/2026 12:26:33 PM"
"0","C:\Users\mabro\Downloads\historical-student-data\Office Admin\CLASS LISTS\Upcoming Student List.xlsx",".xlsx","61813","3/22/2026 12:26:32 PM"
"0","C:\Users\mabro\Downloads\historical-student-data\Office Admin\BROCHURES & FLYERS & BUSINESS CARDS\Appointment Sheets Update (GW).xlsx",".xlsx","16607","3/22/2026 12:26:31 PM"
"0","C:\Users\mabro\Downloads\historical-student-data\Office Admin\BROCHURES & FLYERS & BUSINESS CARDS\Appointment Sheets Update (8_30_16).xlsx",".xlsx","16223","3/22/2026 12:26:31 PM"
"0","C:\Users\mabro\Downloads\historical-student-data\ADA Training = Non Complete as of Noon on Sunday 9.29.xlsx",".xlsx","111268","3/22/2026 12:26:28 PM"
"-15","C:\Users\mabro\Downloads\historical-student-data\Office Admin\HOW TO'S (STUDENTS_INSTRUCTORS)\HOW TO - ZOOM WEBINAR (INSTRUCTORS)\Office Admin\HOW TO'S (ADMIN)\HOW TO - Seating Charts.xlsx",".xlsx","25938","3/22/2026 12:26:39 PM"
"-15","C:\Users\mabro\Downloads\historical-student-data\Office Admin\HOW TO'S (STUDENTS_INSTRUCTORS)\HOW TO - ZOOM WEBINAR (INSTRUCTORS)\Office Admin\HOW TO'S (ADMIN)\HOW TO - Request Office Supplies.xlsx",".xlsx","54379","3/22/2026 12:26:39 PM"
"-15","C:\Users\mabro\Downloads\historical-student-data\Office Admin\HOW TO'S (STUDENTS_INSTRUCTORS)\HOW TO - ZOOM WEBINAR (INSTRUCTORS)\Office Admin\CLASS SCHEDULES\TAA\PMP Schedule (TAA_11-7).xlsx",".xlsx","62252","3/22/2026 12:26:38 PM"
"-15","C:\Users\mabro\Downloads\historical-student-data\Office Admin\HOW TO'S (STUDENTS_INSTRUCTORS)\HOW TO - ZOOM WEBINAR (INSTRUCTORS)\Office Admin\CLASS SCHEDULES\TAA\JAVA_SQL Schedule (TAA_4-18).xlsx",".xlsx","63268","3/22/2026 12:26:38 PM"
"-15","C:\Users\mabro\Downloads\historical-student-data\Office Admin\HOW TO'S (STUDENTS_INSTRUCTORS)\HOW TO - ZOOM WEBINAR (INSTRUCTORS)\Office Admin\CLASS SCHEDULES\TAA\CCNA Schedule (TAA_2-26).xlsx",".xlsx","59953","3/22/2026 12:26:37 PM"
"-15","C:\Users\mabro\Downloads\historical-student-data\Office Admin\HOW TO'S (STUDENTS_INSTRUCTORS)\HOW TO - ZOOM WEBINAR (INSTRUCTORS)\Office Admin\CLASS SCHEDULES\SQL_PMP\SQL_PMP Schedule (NIGHT_7-25).xlsx",".xlsx","65943","3/22/2026 12:26:37 PM"
"-15","C:\Users\mabro\Downloads\historical-student-data\Office Admin\HOW TO'S (STUDENTS_INSTRUCTORS)\HOW TO - ZOOM WEBINAR (INSTRUCTORS)\Office Admin\CLASS SCHEDULES\SQL_PMP\SQL_PMP Schedule (NIGHT_6-12).xlsx",".xlsx","65100","3/22/2026 12:26:37 PM"
"-15","C:\Users\mabro\Downloads\historical-student-data\Office Admin\HOW TO'S (STUDENTS_INSTRUCTORS)\HOW TO - ZOOM WEBINAR (INSTRUCTORS)\Office Admin\CLASS SCHEDULES\SQL_PMP\SQL_PMP Schedule (NIGHT_4-18).xlsx",".xlsx","64604","3/22/2026 12:26:37 PM"
"-15","C:\Users\mabro\Downloads\historical-student-data\Office Admin\HOW TO'S (STUDENTS_INSTRUCTORS)\HOW TO - ZOOM WEBINAR (INSTRUCTORS)\Office Admin\CLASS SCHEDULES\SQL_PMP\SQL_PMP Schedule (NIGHT_4-18) UPDATED.xlsx",".xlsx","65294","3/22/2026 12:26:37 PM"
"-15","C:\Users\mabro\Downloads\historical-student-data\Office Admin\HOW TO'S (STUDENTS_INSTRUCTORS)\HOW TO - ZOOM WEBINAR (INSTRUCTORS)\Office Admin\CLASS SCHEDULES\SQL_PMP\SQL_PMP Schedule  (NIGHT_6-12)  UPDATED.xlsx",".xlsx","65747","3/22/2026 12:26:37 PM"
"-15","C:\Users\mabro\Downloads\historical-student-data\Office Admin\HOW TO'S (STUDENTS_INSTRUCTORS)\HOW TO - ZOOM WEBINAR (INSTRUCTORS)\Office Admin\CLASS SCHEDULES\SQL_PMP\SQL ONLY Updated Schedule  (NIGHT_9-18-17) MWAltSat  Steve.xlsx",".xlsx","62422","3/22/2026 12:26:37 PM"
"-15","C:\Users\mabro\Downloads\historical-student-data\Office Admin\HOW TO'S (STUDENTS_INSTRUCTORS)\HOW TO - ZOOM WEBINAR (INSTRUCTORS)\Office Admin\CLASS SCHEDULES\SQL_PMP\PMP Schedule ONLY  (NIGHT 9-19-17).xlsx",".xlsx","63052","3/22/2026 12:26:37 PM"
"-15","C:\Users\mabro\Downloads\historical-student-data\Office Admin\HOW TO'S (STUDENTS_INSTRUCTORS)\HOW TO - ZOOM WEBINAR (INSTRUCTORS)\Office Admin\CLASS SCHEDULES\MOS_CAPM\MOS_CAPM Schedule (NIGHT_4-18).xlsx",".xlsx","64753","3/22/2026 12:26:37 PM"
"-15","C:\Users\mabro\Downloads\historical-student-data\Office Admin\HOW TO'S (STUDENTS_INSTRUCTORS)\HOW TO - ZOOM WEBINAR (INSTRUCTORS)\Office Admin\CLASS SCHEDULES\MOS_CAPM\MOS_CAPM Schedule (NIGHT_4-18) UPDATED.xlsx",".xlsx","65222","3/22/2026 12:26:37 PM"
"-15","C:\Users\mabro\Downloads\historical-student-data\Office Admin\HOW TO'S (STUDENTS_INSTRUCTORS)\HOW TO - ZOOM WEBINAR (INSTRUCTORS)\Office Admin\CLASS SCHEDULES\MCITP\MCITP Schedule (NIGHT_7-5) UPDATED.xlsx",".xlsx","64304","3/22/2026 12:26:37 PM"
"-15","C:\Users\mabro\Downloads\historical-student-data\Office Admin\HOW TO'S (STUDENTS_INSTRUCTORS)\HOW TO - ZOOM WEBINAR (INSTRUCTORS)\Office Admin\CLASS SCHEDULES\MCITP\MCITP Schedule (NIGHT_4-5).xlsx",".xlsx","63544","3/22/2026 12:26:37 PM"
"-15","C:\Users\mabro\Downloads\historical-student-data\Office Admin\HOW TO'S (STUDENTS_INSTRUCTORS)\HOW TO - ZOOM WEBINAR (INSTRUCTORS)\Office Admin\CLASS SCHEDULES\MCITP\MCITP Schedule (NIGHT_4-5) UPDATED.xlsx",".xlsx","63675","3/22/2026 12:26:37 PM"
"-15","C:\Users\mabro\Downloads\historical-student-data\Office Admin\HOW TO'S (STUDENTS_INSTRUCTORS)\HOW TO - ZOOM WEBINAR (INSTRUCTORS)\Office Admin\CLASS SCHEDULES\JAVA_SQL\JAVA_SQL Updated Schedule (NIGHT_4-18).xlsx",".xlsx","65726","3/22/2026 12:26:37 PM"
"-15","C:\Users\mabro\Downloads\historical-student-data\Office Admin\HOW TO'S (STUDENTS_INSTRUCTORS)\HOW TO - ZOOM WEBINAR (INSTRUCTORS)\Office Admin\CLASS SCHEDULES\JAVA_SQL\JAVA_SQL Schedule (NIGHT_4-18).xlsx",".xlsx","64594","3/22/2026 12:26:37 PM"
"-15","C:\Users\mabro\Downloads\historical-student-data\Office Admin\HOW TO'S (STUDENTS_INSTRUCTORS)\HOW TO - ZOOM WEBINAR (INSTRUCTORS)\Office Admin\CLASS SCHEDULES\IMDBOS\IMDBOS Schedule (NIGHT_Wynn_Peterson).xlsx",".xlsx","66648","3/22/2026 12:26:37 PM"
"-15","C:\Users\mabro\Downloads\historical-student-data\Office Admin\HOW TO'S (STUDENTS_INSTRUCTORS)\HOW TO - ZOOM WEBINAR (INSTRUCTORS)\Office Admin\CLASS SCHEDULES\IMDBOS\IMDBOS Schedule (NIGHT_9-18-17 to 3-5-18).xlsx",".xlsx","64454","3/22/2026 12:26:37 PM"
"-15","C:\Users\mabro\Downloads\historical-student-data\Office Admin\HOW TO'S (STUDENTS_INSTRUCTORS)\HOW TO - ZOOM WEBINAR (INSTRUCTORS)\Office Admin\CLASS SCHEDULES\IMDBOS\IMDBOS Schedule (NIGHT_4-24).xlsx",".xlsx","63783","3/22/2026 12:26:37 PM"
"-15","C:\Users\mabro\Downloads\historical-student-data\Office Admin\HOW TO'S (STUDENTS_INSTRUCTORS)\HOW TO - ZOOM WEBINAR (INSTRUCTORS)\Office Admin\CLASS SCHEDULES\IMDBOS\IMDBOS Schedule (NIGHT_10-9).xlsx",".xlsx","64321","3/22/2026 12:26:37 PM"
"-15","C:\Users\mabro\Downloads\historical-student-data\Office Admin\HOW TO'S (STUDENTS_INSTRUCTORS)\HOW TO - ZOOM WEBINAR (INSTRUCTORS)\Office Admin\CLASS SCHEDULES\CCNA\CCNA Schedule (Night_2-26).xlsx",".xlsx","60841","3/22/2026 12:26:37 PM"
"-15","C:\Users\mabro\Downloads\historical-student-data\Office Admin\HOW TO'S (STUDENTS_INSTRUCTORS)\HOW TO - ZOOM WEBINAR (INSTRUCTORS)\Office Admin\BOOK SIGN SHEETS\SQL-PMP Book Sign Sheets.xlsx",".xlsx","102164","3/22/2026 12:26:35 PM"
"-15","C:\Users\mabro\Downloads\historical-student-data\Office Admin\HOW TO'S (STUDENTS_INSTRUCTORS)\HOW TO - ZOOM WEBINAR (INSTRUCTORS)\Office Admin\BOOK SIGN SHEETS\CSN Book Sign Sheets.xlsx",".xlsx","106553","3/22/2026 12:26:35 PM"
"-15","C:\Users\mabro\Downloads\historical-student-data\Office Admin\HOW TO'S (STUDENTS_INSTRUCTORS)\HOW TO - ZOOM WEBINAR (INSTRUCTORS)\Office Admin\Updated Book Sign Sheets.xlsx",".xlsx","105876","3/22/2026 12:26:35 PM"
"-15","C:\Users\mabro\Downloads\historical-student-data\Office Admin\HOW TO'S (STUDENTS_INSTRUCTORS)\HOW TO - ZOOM WEBINAR (INSTRUCTORS)\Office Admin\CSN Administrator Passwords.xlsx",".xlsx","12757","3/22/2026 12:26:34 PM"
"-15","C:\Users\mabro\Downloads\historical-student-data\Office Admin\HOW TO'S (ADMIN)\HOW TO - Seating Charts.xlsx",".xlsx","25938","3/22/2026 12:26:34 PM"
"-15","C:\Users\mabro\Downloads\historical-student-data\Office Admin\HOW TO'S (ADMIN)\HOW TO - Request Office Supplies.xlsx",".xlsx","54379","3/22/2026 12:26:34 PM"
"-15","C:\Users\mabro\Downloads\historical-student-data\Office Admin\CLASS SCHEDULES\TAA\PMP Schedule (TAA_11-7).xlsx",".xlsx","62252","3/22/2026 12:26:33 PM"
"-15","C:\Users\mabro\Downloads\historical-student-data\Office Admin\CLASS SCHEDULES\TAA\JAVA_SQL Schedule (TAA_4-18).xlsx",".xlsx","63268","3/22/2026 12:26:33 PM"
"-15","C:\Users\mabro\Downloads\historical-student-data\Office Admin\CLASS SCHEDULES\TAA\CCNA Schedule (TAA_2-26).xlsx",".xlsx","59953","3/22/2026 12:26:33 PM"
"-15","C:\Users\mabro\Downloads\historical-student-data\Office Admin\CLASS SCHEDULES\SQL_PMP\SQL_PMP Schedule (NIGHT_7-25).xlsx",".xlsx","65943","3/22/2026 12:26:33 PM"
"-15","C:\Users\mabro\Downloads\historical-student-data\Office Admin\CLASS SCHEDULES\SQL_PMP\SQL_PMP Schedule (NIGHT_6-12).xlsx",".xlsx","65100","3/22/2026 12:26:33 PM"
"-15","C:\Users\mabro\Downloads\historical-student-data\Office Admin\CLASS SCHEDULES\SQL_PMP\SQL_PMP Schedule (NIGHT_4-18).xlsx",".xlsx","64604","3/22/2026 12:26:33 PM"
"-15","C:\Users\mabro\Downloads\historical-student-data\Office Admin\CLASS SCHEDULES\SQL_PMP\SQL_PMP Schedule (NIGHT_4-18) UPDATED.xlsx",".xlsx","65294","3/22/2026 12:26:32 PM"
"-15","C:\Users\mabro\Downloads\historical-student-data\Office Admin\CLASS SCHEDULES\SQL_PMP\SQL_PMP Schedule  (NIGHT_6-12)  UPDATED.xlsx",".xlsx","65747","3/22/2026 12:26:32 PM"
"-15","C:\Users\mabro\Downloads\historical-student-data\Office Admin\CLASS SCHEDULES\SQL_PMP\SQL ONLY Updated Schedule  (NIGHT_9-18-17) MWAltSat  Steve.xlsx",".xlsx","62422","3/22/2026 12:26:32 PM"
"-15","C:\Users\mabro\Downloads\historical-student-data\Office Admin\CLASS SCHEDULES\SQL_PMP\PMP Schedule ONLY  (NIGHT 9-19-17).xlsx",".xlsx","63052","3/22/2026 12:26:32 PM"
"-15","C:\Users\mabro\Downloads\historical-student-data\Office Admin\CLASS SCHEDULES\MOS_CAPM\MOS_CAPM Schedule (NIGHT_4-18).xlsx",".xlsx","64753","3/22/2026 12:26:32 PM"
"-15","C:\Users\mabro\Downloads\historical-student-data\Office Admin\CLASS SCHEDULES\MOS_CAPM\MOS_CAPM Schedule (NIGHT_4-18) UPDATED.xlsx",".xlsx","65222","3/22/2026 12:26:32 PM"
"-15","C:\Users\mabro\Downloads\historical-student-data\Office Admin\CLASS SCHEDULES\MCITP\MCITP Schedule (NIGHT_7-5) UPDATED.xlsx",".xlsx","64304","3/22/2026 12:26:32 PM"
"-15","C:\Users\mabro\Downloads\historical-student-data\Office Admin\CLASS SCHEDULES\MCITP\MCITP Schedule (NIGHT_4-5).xlsx",".xlsx","63544","3/22/2026 12:26:32 PM"
"-15","C:\Users\mabro\Downloads\historical-student-data\Office Admin\CLASS SCHEDULES\MCITP\MCITP Schedule (NIGHT_4-5) UPDATED.xlsx",".xlsx","63675","3/22/2026 12:26:32 PM"
"-15","C:\Users\mabro\Downloads\historical-student-data\Office Admin\CLASS SCHEDULES\JAVA_SQL\JAVA_SQL Updated Schedule (NIGHT_4-18).xlsx",".xlsx","65726","3/22/2026 12:26:32 PM"
"-15","C:\Users\mabro\Downloads\historical-student-data\Office Admin\CLASS SCHEDULES\JAVA_SQL\JAVA_SQL Schedule (NIGHT_4-18).xlsx",".xlsx","64594","3/22/2026 12:26:32 PM"
"-15","C:\Users\mabro\Downloads\historical-student-data\Office Admin\CLASS SCHEDULES\IMDBOS\IMDBOS Schedule (NIGHT_Wynn_Peterson).xlsx",".xlsx","66648","3/22/2026 12:26:32 PM"
"-15","C:\Users\mabro\Downloads\historical-student-data\Office Admin\CLASS SCHEDULES\IMDBOS\IMDBOS Schedule (NIGHT_9-18-17 to 3-5-18).xlsx",".xlsx","64454","3/22/2026 12:26:32 PM"
"-15","C:\Users\mabro\Downloads\historical-student-data\Office Admin\CLASS SCHEDULES\IMDBOS\IMDBOS Schedule (NIGHT_4-24).xlsx",".xlsx","63783","3/22/2026 12:26:32 PM"
"-15","C:\Users\mabro\Downloads\historical-student-data\Office Admin\CLASS SCHEDULES\IMDBOS\IMDBOS Schedule (NIGHT_10-9).xlsx",".xlsx","64321","3/22/2026 12:26:32 PM"
"-15","C:\Users\mabro\Downloads\historical-student-data\Office Admin\CLASS SCHEDULES\CCNA\CCNA Schedule (Night_2-26).xlsx",".xlsx","60841","3/22/2026 12:26:32 PM"
"-15","C:\Users\mabro\Downloads\historical-student-data\Office Admin\BOOK SIGN SHEETS\SQL-PMP Book Sign Sheets.xlsx",".xlsx","102164","3/22/2026 12:26:30 PM"
"-15","C:\Users\mabro\Downloads\historical-student-data\Office Admin\BOOK SIGN SHEETS\CSN Book Sign Sheets.xlsx",".xlsx","106553","3/22/2026 12:26:30 PM"
"-15","C:\Users\mabro\Downloads\historical-student-data\Office Admin\Updated Book Sign Sheets.xlsx",".xlsx","105876","3/22/2026 12:26:30 PM"
"-15","C:\Users\mabro\Downloads\historical-student-data\Office Admin\CSN Administrator Passwords.xlsx",".xlsx","12757","3/22/2026 12:26:30 PM"
"-15","C:\Users\mabro\Downloads\historical-student-data\MCSA MCSE Schedule 2019-2020 - Extended .xlsx",".xlsx","67889","3/22/2026 12:26:28 PM"
"-15","C:\Users\mabro\Downloads\historical-student-data\MCSA MCSE MCITP Schedule 2019-2020 .xlsx",".xlsx","67154","3/22/2026 12:26:28 PM"
"-15","C:\Users\mabro\Downloads\historical-student-data\MOS Schedule 2019 Wednesdays - Fridays and alternate Saturdays - Extended.xlsx",".xlsx","66446","3/22/2026 12:26:28 PM"
